label,X1,X2,X3,X4,X5,X6,X7,X8,X9,X10,X11,X12,X13,X14,X15,X16,X17,X18,X19,X20,X21,X22,X23,X24,X25,X26,X27,X28,X29,X30,X31,X32,X33,X34,X35
7,6.0,0.0,2.0,1.0,0.0,1.0,1.0,1.0,0.0,0.0,1.0,1,0.0,2.0,2.0,0.0,0.0,0.0,1.0,1.0,3.0,1.0,1.0,1.0,0.0,0.0,0.0,0.0,4.0,0.0,0.0,0.0,0.0,0.0,0.0
7,4.0,0.0,2.0,1.0,0.0,2.0,0.0,2.0,1.0,1.0,1.0,1,0.0,2.0,2.0,0.0,0.0,0.0,1.0,0.0,3.0,1.0,1.0,1.0,0.0,0.0,0.0,0.0,4.0,0.0,0.0,0.0,0.0,0.0,0.0
7,3.0,0.0,2.0,1.0,0.0,1.0,0.0,2.0,1.0,2.0,1.0,1,0.0,2.0,2.0,0.0,0.0,0.0,1.0,0.0,3.0,0.0,1.0,1.0,0.0,0.0,0.0,0.0,4.0,0.0,0.0,0.0,0.0,0.0,0.0
7,3.0,0.0,2.0,1.0,0.0,1.0,0.0,2.0,0.0,1.0,1.0,1,0.0,2.0,2.0,0.0,0.0,0.0,1.0,0.0,3.0,0.0,1.0,1.0,0.0,0.0,0.0,0.0,4.0,0.0,0.0,0.0,0.0,0.0,0.0
7,6.0,0.0,2.0,1.0,0.0,2.0,0.0,1.0,0.0,2.0,1.0,1,0.0,2.0,2.0,0.0,0.0,0.0,1.0,0.0,3.0,1.0,1.0,1.0,0.0,0.0,0.0,0.0,4.0,0.0,0.0,0.0,0.0,0.0,0.0
7,5.0,0.0,2.0,1.0,0.0,3.0,0.0,1.0,0.0,1.0,1.0,1,0.0,2.0,2.0,0.0,0.0,0.0,1.0,0.0,3.0,0.0,1.0,1.0,0.0,0.0,0.0,0.0,4.0,0.0,0.0,0.0,0.0,0.0,0.0
7,5.0,0.0,2.0,1.0,0.0,2.0,0.0,1.0,1.0,0.0,1.0,1,0.0,2.0,2.0,0.0,0.0,0.0,1.0,1.0,3.0,1.0,1.0,1.0,0.0,0.0,0.0,0.0,4.0,0.0,0.0,0.0,0.0,0.0,0.0
7,4.0,0.0,2.0,1.0,1.0,1.0,0.0,1.0,0.0,2.0,1.0,1,0.0,2.0,2.0,0.0,0.0,0.0,1.0,0.0,3.0,1.0,1.0,1.0,0.0,0.0,0.0,0.0,4.0,0.0,0.0,0.0,0.0,0.0,0.0
7,6.0,0.0,2.0,1.0,0.0,3.0,0.0,1.0,1.0,1.0,1.0,1,0.0,2.0,2.0,0.0,0.0,0.0,1.0,0.0,3.0,1.0,1.0,1.0,0.0,0.0,0.0,0.0,4.0,0.0,0.0,0.0,0.0,0.0,0.0
7,4.0,0.0,2.0,1.0,0.0,2.0,0.0,2.0,0.0,2.0,1.0,1,0.0,2.0,2.0,0.0,0.0,0.0,1.0,0.0,3.0,1.0,1.0,1.0,0.0,0.0,0.0,0.0,4.0,0.0,0.0,0.0,0.0,0.0,0.0
6,6.0,0.0,0.0,2.0,0.0,1.0,3.0,1.0,1.0,0.0,1.0,1,0.0,2.0,2.0,0.0,0.0,0.0,1.0,0.0,0.0,3.0,0.0,0.0,0.0,2.0,1.0,0.0,4.0,0.0,0.0,0.0,0.0,0.0,0.0
6,4.0,0.0,0.0,1.0,1.0,1.0,3.0,1.0,1.0,1.0,1.0,1,0.0,2.0,2.0,0.0,0.0,0.0,1.0,1.0,0.0,3.0,0.0,0.0,0.0,2.0,1.0,0.0,4.0,0.0,0.0,0.0,0.0,0.0,0.0
6,3.0,0.0,0.0,1.0,0.0,1.0,2.0,1.0,0.0,0.0,1.0,1,0.0,2.0,2.0,0.0,0.0,0.0,1.0,0.0,0.0,3.0,0.0,0.0,0.0,2.0,1.0,0.0,4.0,0.0,0.0,0.0,0.0,0.0,0.0
6,6.0,0.0,0.0,1.0,1.0,3.0,3.0,1.0,1.0,0.0,1.0,1,0.0,2.0,2.0,0.0,0.0,0.0,1.0,0.0,0.0,3.0,0.0,0.0,0.0,2.0,1.0,0.0,4.0,0.0,0.0,0.0,0.0,0.0,0.0
6,6.0,0.0,0.0,2.0,0.0,1.0,3.0,1.0,1.0,1.0,1.0,1,0.0,2.0,2.0,0.0,0.0,0.0,1.0,0.0,0.0,3.0,0.0,0.0,0.0,2.0,1.0,0.0,4.0,0.0,0.0,0.0,0.0,0.0,0.0
6,5.0,0.0,0.0,2.0,1.0,3.0,3.0,1.0,1.0,2.0,1.0,1,0.0,2.0,2.0,0.0,0.0,0.0,1.0,0.0,0.0,3.0,0.0,0.0,0.0,2.0,1.0,0.0,4.0,0.0,0.0,0.0,0.0,0.0,0.0
6,6.0,0.0,0.0,2.0,1.0,0.0,2.0,1.0,0.0,0.0,1.0,1,0.0,2.0,2.0,0.0,0.0,0.0,1.0,1.0,0.0,3.0,0.0,0.0,0.0,2.0,1.0,0.0,4.0,0.0,0.0,0.0,0.0,0.0,0.0
6,4.0,0.0,0.0,1.0,0.0,2.0,2.0,1.0,0.0,1.0,1.0,1,0.0,2.0,2.0,0.0,0.0,0.0,1.0,0.0,0.0,3.0,0.0,0.0,0.0,2.0,1.0,0.0,4.0,0.0,0.0,0.0,0.0,0.0,0.0
6,3.0,0.0,0.0,2.0,0.0,2.0,2.0,1.0,0.0,2.0,1.0,1,0.0,2.0,2.0,0.0,0.0,0.0,1.0,0.0,0.0,3.0,0.0,0.0,0.0,2.0,1.0,0.0,4.0,0.0,0.0,0.0,0.0,0.0,0.0
6,5.0,0.0,0.0,2.0,1.0,2.0,2.0,1.0,0.0,2.0,1.0,1,0.0,2.0,2.0,0.0,0.0,0.0,1.0,0.0,0.0,3.0,0.0,0.0,0.0,2.0,1.0,0.0,4.0,0.0,0.0,0.0,0.0,0.0,0.0
14,1.0,1.0,2.0,0.0,0.0,2.0,1.0,2.0,0.0,2.0,1.0,0,0.0,2.0,2.0,0.0,0.0,0.0,1.0,0.0,1.0,1.0,0.0,1.0,1.0,0.0,0.0,3.0,4.0,0.0,0.0,0.0,0.0,0.0,0.0
14,1.0,1.0,2.0,0.0,0.0,1.0,1.0,2.0,0.0,1.0,1.0,0,0.0,2.0,2.0,0.0,0.0,0.0,1.0,0.0,1.0,1.0,0.0,1.0,0.0,0.0,0.0,3.0,4.0,0.0,0.0,0.0,0.0,0.0,0.0
14,3.0,0.0,2.0,0.0,1.0,3.0,1.0,2.0,0.0,1.0,1.0,0,0.0,2.0,2.0,0.0,0.0,0.0,1.0,1.0,1.0,1.0,0.0,1.0,1.0,0.0,0.0,3.0,4.0,0.0,0.0,0.0,0.0,0.0,0.0
14,0.0,1.0,2.0,0.0,0.0,0.0,1.0,1.0,1.0,2.0,1.0,0,0.0,2.0,2.0,0.0,0.0,0.0,1.0,0.0,1.0,1.0,0.0,1.0,0.0,0.0,0.0,3.0,4.0,0.0,0.0,0.0,0.0,0.0,0.0
14,0.0,1.0,2.0,0.0,0.0,1.0,1.0,2.0,1.0,2.0,1.0,0,0.0,2.0,2.0,0.0,0.0,0.0,1.0,0.0,1.0,1.0,0.0,1.0,0.0,0.0,0.0,3.0,4.0,0.0,0.0,0.0,0.0,0.0,0.0
14,1.0,1.0,2.0,0.0,0.0,3.0,1.0,2.0,0.0,2.0,1.0,0,0.0,2.0,2.0,0.0,0.0,0.0,1.0,0.0,1.0,1.0,0.0,1.0,0.0,0.0,0.0,3.0,4.0,0.0,0.0,0.0,0.0,0.0,0.0
14,1.0,1.0,2.0,0.0,0.0,0.0,1.0,1.0,0.0,1.0,1.0,0,0.0,2.0,2.0,0.0,0.0,0.0,1.0,0.0,1.0,1.0,0.0,1.0,0.0,0.0,0.0,3.0,4.0,0.0,0.0,0.0,0.0,0.0,0.0
14,2.0,1.0,2.0,0.0,0.0,2.0,1.0,1.0,0.0,1.0,1.0,0,0.0,2.0,2.0,0.0,0.0,0.0,1.0,0.0,1.0,1.0,0.0,1.0,0.0,0.0,0.0,3.0,4.0,0.0,0.0,0.0,0.0,0.0,0.0
14,1.0,1.0,2.0,0.0,0.0,1.0,1.0,2.0,0.0,2.0,1.0,0,0.0,2.0,2.0,0.0,0.0,0.0,1.0,0.0,1.0,1.0,0.0,1.0,0.0,0.0,0.0,3.0,4.0,0.0,0.0,0.0,0.0,0.0,0.0
14,2.0,1.0,2.0,0.0,0.0,1.0,1.0,2.0,0.0,2.0,1.0,0,0.0,2.0,2.0,0.0,0.0,0.0,1.0,0.0,1.0,1.0,0.0,1.0,0.0,0.0,0.0,3.0,4.0,0.0,0.0,0.0,0.0,0.0,0.0
11,0.0,1.0,2.0,1.0,1.0,1.0,1.0,1.0,0.0,0.0,1.0,1,0.0,2.0,2.0,0.0,0.0,0.0,1.0,0.0,1.0,2.0,0.0,1.0,0.0,0.0,0.0,3.0,4.0,0.0,0.0,0.0,0.0,0.0,0.0
11,1.0,1.0,2.0,0.0,0.0,2.0,1.0,2.0,1.0,1.0,1.0,1,0.0,2.0,2.0,0.0,0.0,0.0,1.0,0.0,2.0,2.0,0.0,0.0,0.0,0.0,0.0,3.0,4.0,0.0,0.0,0.0,0.0,0.0,0.0
11,0.0,1.0,1.0,1.0,0.0,1.0,1.0,1.0,0.0,0.0,1.0,1,0.0,2.0,2.0,0.0,0.0,0.0,1.0,0.0,1.0,2.0,0.0,0.0,0.0,0.0,0.0,3.0,4.0,0.0,0.0,0.0,0.0,0.0,0.0
11,3.0,1.0,2.0,0.0,0.0,2.0,1.0,2.0,1.0,1.0,1.0,1,0.0,2.0,2.0,0.0,0.0,0.0,1.0,0.0,2.0,2.0,0.0,0.0,0.0,0.0,0.0,3.0,4.0,0.0,0.0,0.0,0.0,0.0,0.0
11,2.0,1.0,2.0,0.0,0.0,1.0,1.0,2.0,0.0,1.0,1.0,1,0.0,2.0,2.0,0.0,0.0,0.0,1.0,0.0,1.0,2.0,0.0,0.0,0.0,0.0,0.0,3.0,4.0,0.0,0.0,0.0,0.0,0.0,0.0
11,0.0,1.0,2.0,1.0,0.0,3.0,1.0,1.0,0.0,0.0,1.0,1,0.0,2.0,2.0,0.0,0.0,0.0,1.0,0.0,1.0,2.0,0.0,0.0,0.0,0.0,0.0,3.0,4.0,0.0,0.0,0.0,0.0,0.0,0.0
11,0.0,1.0,1.0,1.0,1.0,2.0,1.0,2.0,1.0,0.0,1.0,1,0.0,2.0,2.0,0.0,0.0,0.0,1.0,1.0,2.0,2.0,0.0,1.0,0.0,0.0,0.0,3.0,4.0,0.0,0.0,0.0,0.0,0.0,0.0
11,3.0,1.0,2.0,0.0,0.0,1.0,1.0,2.0,1.0,0.0,1.0,1,0.0,2.0,2.0,0.0,0.0,0.0,1.0,0.0,2.0,2.0,0.0,0.0,0.0,0.0,0.0,3.0,4.0,0.0,0.0,0.0,0.0,0.0,0.0
11,0.0,1.0,2.0,1.0,0.0,2.0,1.0,1.0,0.0,1.0,1.0,1,0.0,2.0,2.0,0.0,0.0,0.0,1.0,0.0,1.0,2.0,0.0,0.0,0.0,0.0,0.0,3.0,4.0,0.0,0.0,0.0,0.0,0.0,0.0
11,2.0,1.0,2.0,1.0,1.0,1.0,1.0,2.0,0.0,2.0,1.0,1,0.0,2.0,2.0,0.0,0.0,0.0,1.0,0.0,1.0,2.0,0.0,1.0,0.0,0.0,0.0,3.0,4.0,0.0,0.0,0.0,0.0,0.0,0.0
11,0.0,1.0,2.0,1.0,0.0,3.0,1.0,1.0,0.0,2.0,1.0,1,0.0,2.0,2.0,0.0,0.0,0.0,1.0,0.0,1.0,2.0,0.0,0.0,0.0,0.0,0.0,3.0,4.0,0.0,0.0,0.0,0.0,0.0,0.0
11,1.0,1.0,2.0,1.0,0.0,0.0,1.0,2.0,1.0,1.0,1.0,1,0.0,2.0,2.0,0.0,0.0,0.0,1.0,0.0,2.0,2.0,0.0,0.0,0.0,0.0,0.0,3.0,4.0,0.0,0.0,0.0,0.0,0.0,0.0
11,1.0,1.0,2.0,1.0,1.0,3.0,1.0,2.0,0.0,1.0,1.0,1,0.0,2.0,2.0,0.0,0.0,0.0,1.0,1.0,1.0,2.0,0.0,1.0,0.0,0.0,0.0,3.0,4.0,0.0,0.0,0.0,0.0,0.0,0.0
11,2.0,1.0,2.0,0.0,0.0,1.0,1.0,2.0,0.0,0.0,1.0,1,0.0,2.0,2.0,0.0,0.0,0.0,1.0,0.0,1.0,2.0,0.0,0.0,0.0,0.0,0.0,3.0,4.0,0.0,0.0,0.0,0.0,0.0,0.0
11,1.0,1.0,2.0,0.0,0.0,0.0,1.0,2.0,1.0,0.0,1.0,1,0.0,2.0,2.0,0.0,0.0,0.0,1.0,0.0,2.0,2.0,0.0,0.0,0.0,0.0,0.0,3.0,4.0,0.0,0.0,0.0,0.0,0.0,0.0
11,3.0,1.0,1.0,0.0,0.0,2.0,1.0,2.0,1.0,2.0,1.0,1,0.0,2.0,2.0,0.0,0.0,0.0,1.0,0.0,2.0,2.0,0.0,0.0,0.0,0.0,0.0,3.0,4.0,0.0,0.0,0.0,0.0,0.0,0.0
5,4.0,0.0,0.0,1.0,0.0,1.0,3.0,1.0,1.0,2.0,0.0,1,0.0,2.0,2.0,0.0,0.0,0.0,1.0,0.0,0.0,0.0,0.0,0.0,0.0,1.0,0.0,0.0,0.0,0.0,0.0,0.0,0.0,0.0,0.0
5,4.0,0.0,0.0,1.0,0.0,1.0,3.0,1.0,1.0,2.0,0.0,1,0.0,2.0,2.0,0.0,0.0,0.0,1.0,0.0,0.0,0.0,0.0,0.0,0.0,1.0,0.0,0.0,0.0,0.0,0.0,0.0,0.0,0.0,0.0
5,3.0,1.0,0.0,0.0,0.0,3.0,0.0,1.0,1.0,2.0,1.0,0,0.0,2.0,2.0,0.0,0.0,0.0,1.0,0.0,0.0,3.0,0.0,0.0,0.0,1.0,0.0,0.0,4.0,0.0,0.0,0.0,0.0,0.0,0.0
5,5.0,0.0,0.0,2.0,0.0,1.0,3.0,1.0,1.0,2.0,0.0,1,0.0,2.0,2.0,0.0,0.0,0.0,1.0,0.0,0.0,0.0,0.0,0.0,0.0,1.0,0.0,0.0,0.0,0.0,0.0,0.0,0.0,0.0,0.0
5,5.0,0.0,0.0,2.0,0.0,2.0,3.0,1.0,1.0,1.0,0.0,1,0.0,2.0,2.0,0.0,0.0,0.0,1.0,0.0,0.0,0.0,0.0,0.0,0.0,1.0,0.0,0.0,0.0,0.0,0.0,0.0,0.0,0.0,0.0
5,4.0,0.0,0.0,1.0,0.0,3.0,2.0,1.0,0.0,1.0,0.0,1,0.0,2.0,2.0,0.0,0.0,0.0,1.0,0.0,0.0,0.0,0.0,0.0,0.0,1.0,0.0,0.0,0.0,0.0,0.0,0.0,0.0,0.0,0.0
5,5.0,0.0,0.0,1.0,1.0,3.0,3.0,1.0,0.0,2.0,1.0,1,2.0,0.0,1.0,0.0,0.0,0.0,1.0,1.0,0.0,3.0,0.0,0.0,0.0,1.0,0.0,0.0,4.0,0.0,0.0,0.0,0.0,0.0,0.0
5,6.0,0.0,1.0,1.0,1.0,2.0,0.0,1.0,1.0,0.0,1.0,0,0.0,2.0,1.0,0.0,0.0,0.0,1.0,1.0,0.0,3.0,0.0,0.0,0.0,1.0,0.0,0.0,4.0,0.0,0.0,0.0,0.0,0.0,0.0
5,5.0,1.0,0.0,0.0,0.0,3.0,2.0,1.0,0.0,0.0,1.0,1,0.0,2.0,2.0,0.0,0.0,0.0,1.0,1.0,0.0,3.0,0.0,0.0,0.0,1.0,0.0,0.0,4.0,0.0,0.0,0.0,0.0,0.0,0.0
5,5.0,1.0,0.0,1.0,0.0,1.0,3.0,1.0,1.0,0.0,1.0,1,2.0,0.0,1.0,0.0,0.0,0.0,1.0,1.0,0.0,3.0,0.0,0.0,0.0,1.0,0.0,0.0,4.0,0.0,0.0,0.0,0.0,0.0,0.0
5,4.0,0.0,1.0,0.0,1.0,2.0,3.0,1.0,1.0,2.0,1.0,0,0.0,2.0,2.0,0.0,0.0,0.0,1.0,1.0,0.0,3.0,0.0,0.0,0.0,1.0,0.0,0.0,4.0,0.0,0.0,0.0,0.0,0.0,0.0
5,4.0,1.0,0.0,0.0,0.0,3.0,2.0,1.0,1.0,1.0,1.0,1,2.0,0.0,1.0,0.0,0.0,0.0,1.0,1.0,0.0,3.0,0.0,0.0,0.0,1.0,0.0,0.0,4.0,0.0,0.0,0.0,0.0,0.0,0.0
5,4.0,0.0,0.0,1.0,0.0,2.0,0.0,1.0,1.0,0.0,0.0,1,0.0,2.0,2.0,0.0,0.0,0.0,1.0,0.0,0.0,0.0,0.0,0.0,0.0,1.0,0.0,0.0,0.0,0.0,0.0,0.0,0.0,0.0,0.0
5,3.0,1.0,0.0,0.0,0.0,2.0,0.0,2.0,0.0,1.0,1.0,1,2.0,0.0,1.0,0.0,0.0,0.0,1.0,0.0,0.0,3.0,0.0,0.0,0.0,1.0,0.0,0.0,4.0,0.0,0.0,0.0,0.0,0.0,0.0
5,5.0,0.0,0.0,1.0,0.0,3.0,2.0,1.0,0.0,1.0,0.0,1,0.0,2.0,2.0,0.0,0.0,0.0,1.0,0.0,0.0,0.0,0.0,0.0,0.0,1.0,0.0,0.0,0.0,0.0,0.0,0.0,0.0,0.0,0.0
5,4.0,0.0,0.0,1.0,0.0,3.0,3.0,1.0,1.0,0.0,0.0,1,0.0,2.0,2.0,0.0,0.0,0.0,1.0,0.0,0.0,0.0,0.0,0.0,0.0,1.0,0.0,0.0,0.0,0.0,0.0,0.0,0.0,0.0,0.0
5,4.0,0.0,0.0,1.0,0.0,3.0,2.0,1.0,0.0,2.0,0.0,1,0.0,2.0,2.0,0.0,0.0,0.0,1.0,0.0,0.0,0.0,0.0,0.0,0.0,1.0,0.0,0.0,0.0,0.0,0.0,0.0,0.0,0.0,0.0
5,4.0,0.0,0.0,1.0,0.0,1.0,2.0,1.0,1.0,2.0,0.0,1,0.0,2.0,2.0,0.0,0.0,0.0,1.0,0.0,0.0,0.0,0.0,0.0,0.0,1.0,0.0,0.0,0.0,0.0,0.0,0.0,0.0,0.0,0.0
5,4.0,0.0,0.0,1.0,0.0,1.0,2.0,1.0,0.0,0.0,0.0,1,0.0,2.0,2.0,0.0,0.0,0.0,1.0,0.0,0.0,0.0,0.0,0.0,0.0,1.0,0.0,0.0,0.0,0.0,0.0,0.0,0.0,0.0,0.0
5,3.0,0.0,0.0,1.0,0.0,3.0,2.0,1.0,0.0,0.0,0.0,1,0.0,2.0,2.0,0.0,0.0,0.0,1.0,0.0,0.0,0.0,0.0,0.0,0.0,1.0,0.0,0.0,0.0,0.0,0.0,0.0,0.0,0.0,0.0
12,5.0,0.0,0.0,1.0,1.0,3.0,3.0,1.0,0.0,1.0,0.0,1,0.0,2.0,2.0,0.0,0.0,1.0,0.0,0.0,0.0,0.0,0.0,0.0,0.0,0.0,0.0,0.0,0.0,0.0,0.0,0.0,0.0,0.0,0.0
12,6.0,0.0,1.0,0.0,1.0,0.0,0.0,0.0,1.0,2.0,0.0,1,0.0,2.0,2.0,0.0,0.0,1.0,0.0,0.0,0.0,0.0,0.0,0.0,0.0,0.0,0.0,0.0,0.0,0.0,0.0,0.0,0.0,0.0,0.0
12,1.0,1.0,0.0,1.0,0.0,3.0,3.0,1.0,2.0,0.0,0.0,1,0.0,2.0,2.0,0.0,0.0,1.0,0.0,0.0,0.0,0.0,0.0,0.0,0.0,0.0,0.0,0.0,0.0,0.0,0.0,0.0,0.0,0.0,0.0
12,6.0,1.0,1.0,0.0,0.0,2.0,2.0,0.0,1.0,2.0,0.0,1,0.0,2.0,2.0,0.0,0.0,1.0,0.0,0.0,0.0,0.0,0.0,0.0,0.0,0.0,0.0,0.0,0.0,0.0,0.0,0.0,0.0,0.0,0.0
12,4.0,1.0,1.0,0.0,0.0,2.0,2.0,0.0,2.0,0.0,0.0,1,0.0,2.0,2.0,0.0,0.0,1.0,0.0,0.0,0.0,0.0,0.0,0.0,0.0,0.0,0.0,0.0,0.0,0.0,0.0,0.0,0.0,0.0,0.0
12,6.0,0.0,0.0,1.0,1.0,1.0,1.0,1.0,0.0,2.0,0.0,1,0.0,2.0,2.0,0.0,0.0,1.0,0.0,0.0,0.0,0.0,0.0,0.0,0.0,0.0,0.0,0.0,0.0,0.0,0.0,0.0,0.0,0.0,0.0
12,2.0,1.0,1.0,0.0,0.0,2.0,2.0,0.0,0.0,1.0,0.0,1,0.0,2.0,2.0,0.0,0.0,1.0,0.0,0.0,0.0,0.0,0.0,0.0,0.0,0.0,0.0,0.0,0.0,0.0,0.0,0.0,0.0,0.0,0.0
12,6.0,1.0,0.0,1.0,0.0,1.0,1.0,1.0,1.0,2.0,0.0,1,0.0,2.0,2.0,0.0,0.0,1.0,0.0,0.0,0.0,0.0,0.0,0.0,0.0,0.0,0.0,0.0,0.0,0.0,0.0,0.0,0.0,0.0,0.0
12,5.0,1.0,0.0,1.0,0.0,1.0,1.0,1.0,0.0,1.0,0.0,1,0.0,2.0,2.0,0.0,0.0,1.0,0.0,0.0,0.0,0.0,0.0,0.0,0.0,0.0,0.0,0.0,0.0,0.0,0.0,0.0,0.0,0.0,0.0
12,1.0,1.0,0.0,1.0,0.0,1.0,1.0,1.0,2.0,0.0,0.0,1,0.0,2.0,2.0,0.0,0.0,1.0,0.0,0.0,0.0,0.0,0.0,0.0,0.0,0.0,0.0,0.0,0.0,0.0,0.0,0.0,0.0,0.0,0.0
8,6.0,0.0,2.0,0.0,1.0,2.0,1.0,0.0,1.0,2.0,0.0,1,2.0,0.0,1.0,0.0,1.0,2.0,0.0,0.0,0.0,0.0,0.0,0.0,0.0,0.0,0.0,0.0,0.0,1.0,1.0,0.0,0.0,0.0,0.0
8,2.0,0.0,2.0,1.0,1.0,1.0,1.0,1.0,1.0,2.0,0.0,1,2.0,0.0,1.0,0.0,1.0,2.0,0.0,0.0,0.0,0.0,0.0,0.0,0.0,0.0,0.0,0.0,0.0,1.0,1.0,0.0,0.0,0.0,0.0
8,1.0,0.0,2.0,1.0,1.0,3.0,2.0,1.0,0.0,1.0,0.0,1,1.0,0.0,1.0,0.0,0.0,2.0,0.0,0.0,0.0,0.0,0.0,0.0,0.0,0.0,0.0,0.0,0.0,1.0,1.0,0.0,0.0,0.0,0.0
8,4.0,1.0,2.0,2.0,0.0,2.0,2.0,1.0,0.0,1.0,0.0,1,1.0,0.0,1.0,0.0,1.0,2.0,0.0,0.0,0.0,0.0,0.0,0.0,0.0,0.0,0.0,0.0,0.0,1.0,1.0,0.0,0.0,0.0,0.0
8,1.0,0.0,2.0,0.0,1.0,0.0,0.0,1.0,0.0,1.0,0.0,1,1.0,0.0,1.0,0.0,0.0,2.0,0.0,0.0,0.0,0.0,0.0,0.0,0.0,0.0,0.0,0.0,0.0,1.0,1.0,0.0,0.0,0.0,0.0
8,2.0,1.0,2.0,0.0,0.0,3.0,0.0,1.0,0.0,1.0,0.0,1,1.0,0.0,1.0,0.0,0.0,2.0,0.0,0.0,0.0,0.0,0.0,0.0,0.0,0.0,0.0,0.0,0.0,1.0,1.0,0.0,0.0,0.0,0.0
8,2.0,1.0,2.0,1.0,0.0,2.0,0.0,1.0,0.0,1.0,0.0,1,2.0,0.0,1.0,0.0,0.0,2.0,0.0,0.0,0.0,0.0,0.0,0.0,0.0,0.0,0.0,0.0,0.0,1.0,1.0,0.0,0.0,0.0,0.0
8,4.0,1.0,2.0,2.0,0.0,2.0,1.0,0.0,1.0,2.0,0.0,1,1.0,0.0,1.0,0.0,0.0,2.0,0.0,0.0,0.0,0.0,0.0,0.0,0.0,0.0,0.0,0.0,0.0,1.0,1.0,0.0,0.0,0.0,0.0
8,4.0,1.0,2.0,0.0,0.0,1.0,2.0,1.0,0.0,1.0,0.0,1,2.0,0.0,1.0,0.0,0.0,2.0,0.0,0.0,0.0,0.0,0.0,0.0,0.0,0.0,0.0,0.0,0.0,1.0,1.0,0.0,0.0,0.0,0.0
8,5.0,1.0,2.0,1.0,0.0,3.0,2.0,1.0,0.0,1.0,0.0,1,1.0,0.0,1.0,0.0,0.0,2.0,0.0,0.0,0.0,0.0,0.0,0.0,0.0,0.0,0.0,0.0,0.0,1.0,1.0,0.0,0.0,0.0,0.0
4,1.0,1.0,2.0,2.0,1.0,3.0,3.0,1.0,0.0,2.0,1.0,1,2.0,0.0,1.0,0.0,0.0,0.0,0.0,0.0,0.0,0.0,0.0,0.0,0.0,0.0,0.0,0.0,0.0,0.0,0.0,0.0,0.0,0.0,0.0
4,2.0,0.0,2.0,1.0,0.0,2.0,3.0,1.0,1.0,1.0,0.0,1,2.0,0.0,1.0,0.0,0.0,0.0,0.0,0.0,0.0,0.0,0.0,0.0,0.0,0.0,0.0,0.0,0.0,0.0,0.0,0.0,0.0,0.0,0.0
4,2.0,0.0,2.0,1.0,0.0,2.0,3.0,1.0,1.0,0.0,0.0,1,2.0,0.0,1.0,1.0,0.0,0.0,0.0,0.0,0.0,0.0,0.0,0.0,0.0,0.0,0.0,0.0,0.0,0.0,0.0,0.0,0.0,0.0,0.0
4,2.0,0.0,2.0,1.0,0.0,1.0,0.0,1.0,2.0,0.0,0.0,1,2.0,0.0,1.0,1.0,0.0,0.0,0.0,0.0,0.0,0.0,0.0,0.0,0.0,0.0,0.0,0.0,0.0,0.0,0.0,0.0,0.0,0.0,0.0
4,1.0,1.0,2.0,2.0,1.0,3.0,3.0,1.0,1.0,1.0,1.0,1,2.0,0.0,1.0,0.0,0.0,0.0,0.0,0.0,0.0,0.0,0.0,0.0,0.0,0.0,0.0,0.0,0.0,0.0,0.0,0.0,0.0,0.0,0.0
4,1.0,1.0,2.0,1.0,0.0,2.0,3.0,1.0,0.0,2.0,0.0,1,2.0,0.0,1.0,1.0,0.0,0.0,0.0,0.0,0.0,0.0,0.0,0.0,0.0,0.0,0.0,0.0,0.0,0.0,0.0,0.0,0.0,0.0,0.0
4,0.0,1.0,2.0,2.0,1.0,3.0,3.0,1.0,2.0,1.0,0.0,1,2.0,0.0,1.0,0.0,0.0,0.0,0.0,0.0,0.0,0.0,0.0,0.0,0.0,0.0,0.0,0.0,0.0,0.0,0.0,0.0,0.0,0.0,0.0
4,2.0,0.0,2.0,1.0,0.0,2.0,3.0,1.0,0.0,0.0,0.0,1,2.0,0.0,1.0,1.0,0.0,0.0,0.0,0.0,0.0,0.0,0.0,0.0,0.0,0.0,0.0,0.0,0.0,0.0,0.0,0.0,0.0,0.0,0.0
4,1.0,0.0,2.0,1.0,0.0,2.0,3.0,1.0,1.0,1.0,0.0,1,2.0,0.0,1.0,1.0,0.0,0.0,0.0,0.0,0.0,0.0,0.0,0.0,0.0,0.0,0.0,0.0,0.0,0.0,0.0,0.0,0.0,0.0,0.0
4,2.0,1.0,2.0,1.0,0.0,3.0,3.0,1.0,0.0,2.0,0.0,1,2.0,0.0,1.0,1.0,0.0,0.0,0.0,0.0,0.0,0.0,0.0,0.0,0.0,0.0,0.0,0.0,0.0,0.0,0.0,0.0,0.0,0.0,0.0
4,5.0,0.0,2.0,1.0,0.0,2.0,2.0,1.0,0.0,1.0,0.0,1,2.0,0.0,1.0,0.0,0.0,0.0,1.0,0.0,3.0,1.0,1.0,0.0,0.0,0.0,0.0,0.0,0.0,0.0,0.0,0.0,0.0,0.0,0.0
4,1.0,1.0,2.0,1.0,0.0,3.0,3.0,1.0,1.0,2.0,0.0,1,2.0,0.0,1.0,1.0,0.0,0.0,0.0,0.0,0.0,0.0,0.0,0.0,0.0,0.0,0.0,0.0,0.0,0.0,0.0,0.0,0.0,0.0,0.0
4,1.0,0.0,2.0,1.0,0.0,3.0,3.0,1.0,2.0,0.0,0.0,1,2.0,0.0,1.0,1.0,0.0,0.0,0.0,0.0,0.0,0.0,0.0,0.0,0.0,0.0,0.0,0.0,0.0,0.0,0.0,0.0,0.0,0.0,0.0
4,4.0,0.0,2.0,1.0,0.0,1.0,3.0,1.0,0.0,0.0,0.0,1,2.0,0.0,1.0,1.0,0.0,0.0,1.0,0.0,3.0,1.0,1.0,0.0,0.0,0.0,0.0,0.0,0.0,0.0,0.0,0.0,0.0,0.0,0.0
4,1.0,0.0,2.0,1.0,0.0,2.0,3.0,1.0,0.0,1.0,0.0,1,2.0,0.0,1.0,1.0,0.0,0.0,0.0,0.0,0.0,0.0,0.0,0.0,0.0,0.0,0.0,0.0,0.0,0.0,0.0,0.0,0.0,0.0,0.0
4,4.0,1.0,2.0,1.0,0.0,3.0,3.0,1.0,0.0,2.0,0.0,1,2.0,0.0,1.0,0.0,0.0,0.0,1.0,0.0,3.0,1.0,1.0,0.0,0.0,0.0,0.0,0.0,0.0,0.0,0.0,0.0,0.0,0.0,0.0
4,2.0,0.0,2.0,1.0,0.0,3.0,3.0,1.0,0.0,0.0,0.0,1,2.0,0.0,1.0,1.0,0.0,0.0,0.0,0.0,0.0,0.0,0.0,0.0,0.0,0.0,0.0,0.0,0.0,0.0,0.0,0.0,0.0,0.0,0.0
4,0.0,1.0,1.0,1.0,1.0,2.0,2.0,0.0,2.0,1.0,1.0,1,2.0,0.0,1.0,0.0,0.0,0.0,0.0,0.0,0.0,0.0,0.0,0.0,0.0,0.0,0.0,0.0,0.0,0.0,0.0,0.0,0.0,0.0,0.0
4,1.0,1.0,1.0,1.0,1.0,2.0,0.0,0.0,0.0,2.0,0.0,1,2.0,0.0,1.0,0.0,0.0,0.0,0.0,0.0,0.0,0.0,0.0,0.0,0.0,0.0,0.0,0.0,0.0,0.0,0.0,0.0,0.0,0.0,0.0
4,1.0,1.0,2.0,1.0,0.0,1.0,0.0,1.0,2.0,2.0,0.0,1,2.0,0.0,1.0,1.0,0.0,0.0,0.0,0.0,0.0,0.0,0.0,0.0,0.0,0.0,0.0,0.0,0.0,0.0,0.0,0.0,0.0,0.0,0.0
4,1.0,0.0,2.0,1.0,0.0,1.0,3.0,1.0,0.0,0.0,0.0,1,2.0,0.0,1.0,0.0,0.0,0.0,1.0,0.0,3.0,1.0,1.0,0.0,0.0,0.0,0.0,0.0,0.0,0.0,0.0,0.0,0.0,0.0,0.0
4,2.0,0.0,2.0,1.0,0.0,3.0,3.0,1.0,1.0,1.0,0.0,1,2.0,0.0,1.0,1.0,0.0,0.0,0.0,0.0,0.0,0.0,0.0,0.0,0.0,0.0,0.0,0.0,0.0,0.0,0.0,0.0,0.0,0.0,0.0
4,3.0,0.0,2.0,1.0,0.0,2.0,3.0,2.0,2.0,1.0,0.0,1,2.0,0.0,1.0,0.0,0.0,0.0,1.0,0.0,0.0,3.0,1.0,1.0,0.0,0.0,0.0,0.0,0.0,0.0,0.0,0.0,0.0,0.0,0.0
4,2.0,1.0,2.0,2.0,1.0,3.0,1.0,1.0,1.0,0.0,1.0,1,2.0,0.0,1.0,0.0,0.0,0.0,0.0,0.0,0.0,0.0,0.0,0.0,0.0,0.0,0.0,0.0,0.0,0.0,0.0,0.0,0.0,0.0,0.0
4,1.0,0.0,2.0,1.0,0.0,2.0,3.0,1.0,2.0,0.0,0.0,1,2.0,0.0,1.0,1.0,0.0,0.0,0.0,0.0,0.0,0.0,0.0,0.0,0.0,0.0,0.0,0.0,0.0,0.0,0.0,0.0,0.0,0.0,0.0
4,1.0,1.0,2.0,1.0,0.0,2.0,3.0,1.0,0.0,2.0,0.0,1,2.0,0.0,1.0,1.0,0.0,0.0,0.0,0.0,0.0,0.0,0.0,0.0,0.0,0.0,0.0,0.0,0.0,0.0,0.0,0.0,0.0,0.0,0.0
4,5.0,0.0,2.0,1.0,0.0,1.0,3.0,1.0,0.0,0.0,0.0,1,2.0,0.0,1.0,1.0,0.0,0.0,1.0,0.0,3.0,1.0,1.0,0.0,0.0,0.0,0.0,0.0,0.0,0.0,0.0,0.0,0.0,0.0,0.0
4,4.0,1.0,1.0,1.0,1.0,2.0,2.0,0.0,0.0,2.0,0.0,1,2.0,0.0,1.0,0.0,0.0,0.0,1.0,0.0,3.0,1.0,1.0,0.0,0.0,0.0,0.0,0.0,1.0,0.0,0.0,0.0,0.0,0.0,0.0
4,3.0,1.0,2.0,1.0,0.0,1.0,3.0,1.0,0.0,2.0,0.0,1,2.0,0.0,1.0,1.0,0.0,0.0,1.0,0.0,3.0,1.0,1.0,0.0,0.0,0.0,0.0,0.0,0.0,0.0,0.0,0.0,0.0,0.0,0.0
4,1.0,0.0,2.0,1.0,0.0,3.0,3.0,1.0,0.0,0.0,0.0,1,2.0,0.0,1.0,0.0,0.0,0.0,0.0,0.0,0.0,0.0,0.0,0.0,0.0,0.0,0.0,0.0,0.0,0.0,0.0,0.0,0.0,0.0,0.0
4,4.0,0.0,2.0,1.0,0.0,2.0,3.0,2.0,1.0,1.0,0.0,1,2.0,0.0,1.0,0.0,0.0,0.0,1.0,0.0,0.0,3.0,1.0,1.0,0.0,0.0,0.0,0.0,0.0,0.0,0.0,0.0,0.0,0.0,0.0
4,2.0,1.0,2.0,1.0,0.0,2.0,3.0,1.0,0.0,2.0,0.0,1,2.0,0.0,1.0,0.0,0.0,0.0,0.0,0.0,0.0,0.0,0.0,0.0,0.0,0.0,0.0,0.0,0.0,0.0,0.0,0.0,0.0,0.0,0.0
4,2.0,1.0,1.0,1.0,1.0,0.0,0.0,1.0,1.0,0.0,0.0,1,2.0,0.0,1.0,0.0,0.0,0.0,0.0,0.0,0.0,0.0,0.0,0.0,0.0,0.0,0.0,0.0,0.0,0.0,0.0,0.0,0.0,0.0,0.0
4,3.0,1.0,2.0,1.0,0.0,3.0,1.0,1.0,0.0,2.0,0.0,1,2.0,0.0,1.0,0.0,0.0,0.0,1.0,0.0,3.0,1.0,1.0,0.0,0.0,0.0,0.0,0.0,0.0,0.0,0.0,0.0,0.0,0.0,0.0
4,3.0,0.0,2.0,1.0,0.0,3.0,3.0,2.0,2.0,0.0,0.0,1,2.0,0.0,1.0,0.0,0.0,0.0,1.0,0.0,0.0,3.0,1.0,1.0,0.0,0.0,0.0,0.0,0.0,0.0,0.0,0.0,0.0,0.0,0.0
4,2.0,0.0,2.0,1.0,0.0,2.0,2.0,1.0,0.0,1.0,0.0,1,2.0,0.0,1.0,0.0,0.0,0.0,1.0,0.0,3.0,1.0,1.0,0.0,0.0,0.0,0.0,0.0,0.0,0.0,0.0,0.0,0.0,0.0,0.0
4,3.0,0.0,2.0,1.0,0.0,3.0,1.0,1.0,0.0,0.0,0.0,1,2.0,0.0,1.0,1.0,0.0,0.0,0.0,0.0,0.0,0.0,0.0,0.0,0.0,0.0,0.0,0.0,0.0,0.0,0.0,0.0,0.0,0.0,0.0
4,3.0,1.0,2.0,1.0,0.0,3.0,1.0,1.0,0.0,2.0,0.0,1,2.0,0.0,1.0,1.0,0.0,0.0,1.0,0.0,3.0,1.0,1.0,0.0,0.0,0.0,0.0,0.0,0.0,0.0,0.0,0.0,0.0,0.0,0.0
4,2.0,1.0,2.0,1.0,0.0,3.0,3.0,2.0,2.0,2.0,0.0,1,2.0,0.0,1.0,1.0,0.0,0.0,0.0,0.0,0.0,0.0,0.0,0.0,0.0,0.0,0.0,0.0,0.0,0.0,0.0,0.0,0.0,0.0,0.0
4,5.0,1.0,2.0,1.0,0.0,3.0,3.0,2.0,0.0,2.0,0.0,1,2.0,0.0,1.0,0.0,0.0,0.0,1.0,0.0,0.0,3.0,1.0,1.0,0.0,0.0,0.0,0.0,0.0,0.0,0.0,0.0,0.0,0.0,0.0
2,5.0,0.0,2.0,1.0,1.0,3.0,3.0,1.0,1.0,0.0,0.0,1,2.0,0.0,0.0,1.0,0.0,0.0,0.0,0.0,0.0,0.0,0.0,0.0,0.0,0.0,0.0,0.0,0.0,0.0,0.0,0.0,0.0,0.0,0.0
2,4.0,0.0,2.0,2.0,1.0,2.0,3.0,1.0,1.0,1.0,0.0,1,2.0,0.0,0.0,1.0,0.0,0.0,0.0,0.0,0.0,0.0,0.0,0.0,0.0,0.0,0.0,0.0,0.0,0.0,0.0,0.0,0.0,0.0,0.0
2,2.0,0.0,1.0,1.0,0.0,0.0,0.0,0.0,0.0,0.0,0.0,1,1.0,0.0,0.0,0.0,0.0,0.0,0.0,0.0,0.0,0.0,0.0,0.0,0.0,0.0,0.0,0.0,0.0,0.0,0.0,0.0,0.0,0.0,0.0
2,3.0,0.0,1.0,1.0,0.0,1.0,2.0,0.0,0.0,0.0,0.0,1,1.0,0.0,0.0,1.0,0.0,0.0,0.0,0.0,0.0,0.0,0.0,0.0,0.0,0.0,0.0,0.0,0.0,0.0,0.0,0.0,0.0,0.0,0.0
2,3.0,0.0,1.0,1.0,0.0,3.0,2.0,0.0,0.0,0.0,0.0,1,1.0,0.0,0.0,1.0,1.0,0.0,0.0,0.0,0.0,0.0,0.0,0.0,0.0,0.0,0.0,0.0,0.0,0.0,0.0,0.0,0.0,0.0,0.0
2,3.0,0.0,2.0,1.0,1.0,2.0,1.0,1.0,1.0,0.0,0.0,1,2.0,0.0,0.0,1.0,0.0,0.0,0.0,0.0,0.0,0.0,0.0,0.0,0.0,0.0,0.0,0.0,0.0,0.0,0.0,0.0,0.0,0.0,0.0
2,3.0,0.0,1.0,1.0,0.0,1.0,0.0,0.0,0.0,1.0,0.0,1,1.0,0.0,0.0,1.0,0.0,0.0,0.0,0.0,0.0,0.0,0.0,0.0,0.0,0.0,0.0,0.0,0.0,0.0,0.0,0.0,0.0,0.0,0.0
2,4.0,0.0,2.0,1.0,1.0,0.0,3.0,1.0,1.0,1.0,0.0,1,2.0,0.0,0.0,1.0,0.0,0.0,0.0,0.0,0.0,0.0,0.0,0.0,0.0,0.0,0.0,0.0,0.0,0.0,0.0,0.0,0.0,0.0,0.0
2,2.0,0.0,1.0,1.0,0.0,3.0,1.0,0.0,0.0,0.0,0.0,1,1.0,0.0,0.0,1.0,0.0,0.0,0.0,0.0,0.0,0.0,0.0,0.0,0.0,0.0,0.0,0.0,0.0,0.0,0.0,0.0,0.0,0.0,0.0
2,4.0,1.0,2.0,2.0,1.0,2.0,1.0,1.0,1.0,2.0,0.0,1,2.0,0.0,0.0,1.0,0.0,0.0,0.0,0.0,0.0,0.0,0.0,0.0,0.0,0.0,0.0,0.0,0.0,0.0,0.0,0.0,0.0,0.0,0.0
3,2.0,1.0,1.0,2.0,0.0,2.0,2.0,0.0,0.0,2.0,0.0,1,1.0,1.0,0.0,0.0,0.0,0.0,0.0,0.0,0.0,0.0,0.0,0.0,0.0,0.0,0.0,0.0,0.0,0.0,0.0,0.0,0.0,0.0,2.0
3,3.0,0.0,2.0,0.0,1.0,2.0,3.0,1.0,1.0,1.0,1.0,1,2.0,1.0,0.0,1.0,0.0,0.0,0.0,0.0,0.0,0.0,0.0,0.0,0.0,0.0,0.0,0.0,0.0,1.0,1.0,1.0,0.0,0.0,0.0
3,2.0,0.0,1.0,0.0,0.0,0.0,0.0,0.0,0.0,0.0,0.0,1,1.0,1.0,0.0,0.0,0.0,0.0,0.0,0.0,0.0,0.0,0.0,0.0,0.0,0.0,0.0,0.0,0.0,0.0,0.0,0.0,0.0,0.0,0.0
3,4.0,1.0,2.0,1.0,0.0,3.0,0.0,1.0,0.0,2.0,0.0,1,1.0,0.0,0.0,1.0,1.0,0.0,0.0,0.0,0.0,0.0,0.0,0.0,0.0,0.0,0.0,0.0,0.0,0.0,0.0,0.0,1.0,0.0,1.0
3,3.0,0.0,2.0,1.0,1.0,1.0,1.0,1.0,0.0,1.0,0.0,1,1.0,1.0,0.0,1.0,0.0,0.0,0.0,0.0,0.0,0.0,0.0,0.0,0.0,0.0,0.0,0.0,0.0,1.0,1.0,1.0,1.0,0.0,1.0
3,3.0,1.0,1.0,0.0,0.0,2.0,0.0,0.0,0.0,2.0,0.0,1,2.0,1.0,0.0,0.0,0.0,0.0,0.0,0.0,0.0,0.0,0.0,0.0,0.0,0.0,0.0,0.0,0.0,0.0,0.0,0.0,0.0,0.0,1.0
3,3.0,0.0,1.0,1.0,1.0,2.0,3.0,0.0,0.0,1.0,1.0,1,1.0,1.0,0.0,1.0,0.0,0.0,0.0,0.0,0.0,0.0,0.0,0.0,0.0,0.0,0.0,0.0,0.0,1.0,1.0,1.0,1.0,0.0,0.0
3,3.0,1.0,2.0,1.0,0.0,0.0,2.0,1.0,0.0,2.0,0.0,1,1.0,1.0,0.0,1.0,0.0,0.0,0.0,0.0,0.0,0.0,0.0,0.0,0.0,0.0,0.0,0.0,0.0,0.0,0.0,0.0,1.0,0.0,1.0
3,4.0,0.0,1.0,1.0,1.0,1.0,3.0,0.0,0.0,1.0,0.0,1,1.0,1.0,0.0,1.0,0.0,0.0,0.0,0.0,0.0,0.0,0.0,0.0,0.0,0.0,0.0,0.0,0.0,1.0,1.0,1.0,1.0,0.0,0.0
3,5.0,1.0,1.0,1.0,0.0,2.0,0.0,0.0,1.0,2.0,0.0,1,1.0,1.0,0.0,1.0,0.0,0.0,0.0,0.0,0.0,0.0,0.0,0.0,0.0,0.0,0.0,0.0,0.0,0.0,0.0,0.0,0.0,0.0,1.0
13,6.0,0.0,2.0,0.0,1.0,2.0,2.0,0.0,0.0,0.0,0.0,0,0.0,2.0,2.0,0.0,0.0,0.0,1.0,1.0,0.0,3.0,0.0,0.0,0.0,0.0,0.0,1.0,1.0,1.0,0.0,1.0,0.0,0.0,0.0
13,6.0,0.0,2.0,0.0,0.0,2.0,2.0,0.0,1.0,1.0,0.0,1,2.0,0.0,0.0,0.0,0.0,0.0,1.0,0.0,0.0,3.0,0.0,0.0,0.0,0.0,0.0,1.0,1.0,1.0,0.0,1.0,0.0,0.0,0.0
13,4.0,0.0,2.0,1.0,1.0,1.0,1.0,0.0,1.0,2.0,0.0,0,0.0,2.0,2.0,0.0,0.0,0.0,0.0,0.0,0.0,3.0,0.0,0.0,0.0,0.0,0.0,0.0,0.0,1.0,0.0,1.0,0.0,0.0,0.0
13,4.0,0.0,2.0,1.0,1.0,0.0,0.0,0.0,0.0,1.0,0.0,1,2.0,0.0,0.0,0.0,0.0,0.0,0.0,1.0,0.0,3.0,0.0,0.0,0.0,0.0,0.0,0.0,0.0,1.0,0.0,1.0,0.0,0.0,0.0
13,4.0,0.0,2.0,0.0,0.0,0.0,0.0,0.0,0.0,2.0,0.0,1,2.0,0.0,0.0,0.0,0.0,0.0,0.0,0.0,0.0,3.0,0.0,0.0,0.0,0.0,0.0,0.0,0.0,1.0,0.0,1.0,0.0,0.0,0.0
13,6.0,0.0,2.0,2.0,0.0,2.0,2.0,0.0,0.0,1.0,0.0,1,2.0,0.0,0.0,0.0,0.0,0.0,1.0,0.0,0.0,3.0,0.0,0.0,0.0,0.0,0.0,1.0,1.0,1.0,0.0,1.0,0.0,0.0,0.0
13,3.0,0.0,2.0,0.0,1.0,0.0,0.0,0.0,0.0,1.0,0.0,0,0.0,2.0,2.0,0.0,0.0,0.0,0.0,1.0,0.0,3.0,0.0,0.0,0.0,0.0,0.0,0.0,0.0,1.0,0.0,1.0,0.0,0.0,0.0
13,3.0,0.0,2.0,1.0,1.0,3.0,3.0,0.0,1.0,1.0,0.0,0,0.0,2.0,2.0,0.0,0.0,0.0,0.0,0.0,0.0,3.0,0.0,0.0,0.0,0.0,0.0,0.0,0.0,1.0,0.0,1.0,0.0,0.0,0.0
13,5.0,0.0,2.0,1.0,0.0,1.0,1.0,0.0,0.0,0.0,0.0,1,2.0,0.0,0.0,0.0,0.0,0.0,1.0,0.0,0.0,3.0,0.0,0.0,0.0,0.0,0.0,1.0,1.0,1.0,0.0,1.0,0.0,0.0,0.0
13,4.0,0.0,2.0,1.0,0.0,0.0,0.0,0.0,1.0,1.0,0.0,0,0.0,2.0,2.0,0.0,0.0,0.0,1.0,0.0,0.0,3.0,0.0,0.0,0.0,0.0,0.0,0.0,0.0,1.0,0.0,1.0,0.0,0.0,0.0
1,5.0,1.0,2.0,1.0,0.0,3.0,3.0,1.0,1.0,0.0,0.0,0,0.0,2.0,2.0,0.0,0.0,0.0,1.0,0.0,3.0,2.0,0.0,0.0,0.0,0.0,0.0,1.0,2.0,0.0,0.0,0.0,0.0,0.0,0.0
1,5.0,1.0,2.0,2.0,1.0,2.0,2.0,0.0,1.0,2.0,0.0,1,0.0,2.0,2.0,0.0,0.0,0.0,1.0,0.0,3.0,1.0,1.0,1.0,0.0,0.0,0.0,1.0,2.0,1.0,1.0,1.0,0.0,1.0,0.0
1,6.0,0.0,2.0,1.0,0.0,1.0,1.0,1.0,1.0,1.0,0.0,0,0.0,2.0,2.0,0.0,0.0,0.0,1.0,0.0,3.0,2.0,1.0,0.0,0.0,0.0,0.0,1.0,2.0,1.0,1.0,0.0,1.0,1.0,0.0
1,2.0,1.0,2.0,2.0,1.0,0.0,0.0,1.0,0.0,0.0,1.0,1,0.0,2.0,2.0,0.0,0.0,0.0,1.0,0.0,2.0,1.0,0.0,1.0,0.0,0.0,0.0,0.0,0.0,0.0,0.0,0.0,0.0,0.0,0.0
1,3.0,0.0,2.0,1.0,0.0,3.0,3.0,1.0,0.0,0.0,1.0,1,0.0,2.0,2.0,0.0,0.0,0.0,1.0,0.0,3.0,2.0,1.0,1.0,0.0,0.0,0.0,1.0,2.0,1.0,1.0,1.0,0.0,0.0,0.0
1,4.0,1.0,2.0,2.0,1.0,2.0,2.0,1.0,0.0,1.0,1.0,1,0.0,2.0,2.0,0.0,0.0,0.0,1.0,0.0,3.0,1.0,1.0,1.0,0.0,0.0,0.0,1.0,2.0,0.0,0.0,0.0,0.0,0.0,0.0
1,6.0,0.0,2.0,1.0,0.0,2.0,2.0,1.0,0.0,1.0,0.0,0,0.0,2.0,2.0,0.0,0.0,0.0,1.0,0.0,3.0,2.0,1.0,0.0,0.0,0.0,0.0,1.0,2.0,1.0,1.0,0.0,1.0,1.0,0.0
1,1.0,0.0,2.0,1.0,0.0,1.0,1.0,1.0,1.0,1.0,1.0,1,0.0,2.0,2.0,0.0,0.0,0.0,1.0,0.0,2.0,2.0,0.0,1.0,0.0,0.0,0.0,0.0,0.0,1.0,0.0,1.0,0.0,0.0,0.0
1,6.0,1.0,2.0,1.0,0.0,2.0,2.0,1.0,1.0,1.0,0.0,0,0.0,2.0,2.0,0.0,0.0,0.0,1.0,0.0,3.0,2.0,1.0,0.0,0.0,0.0,0.0,1.0,2.0,1.0,1.0,0.0,1.0,1.0,0.0
1,5.0,0.0,2.0,1.0,0.0,1.0,1.0,1.0,2.0,2.0,1.0,1,0.0,2.0,2.0,0.0,0.0,0.0,1.0,0.0,3.0,2.0,1.0,1.0,0.0,0.0,0.0,1.0,2.0,1.0,1.0,1.0,0.0,0.0,0.0
1,5.0,1.0,2.0,2.0,1.0,3.0,3.0,0.0,1.0,2.0,1.0,1,0.0,2.0,2.0,0.0,0.0,0.0,1.0,1.0,3.0,2.0,1.0,1.0,0.0,0.0,0.0,1.0,2.0,0.0,0.0,0.0,0.0,0.0,0.0
1,0.0,0.0,2.0,1.0,0.0,3.0,3.0,1.0,1.0,2.0,1.0,1,0.0,2.0,2.0,0.0,0.0,0.0,1.0,0.0,2.0,2.0,0.0,1.0,0.0,0.0,0.0,0.0,0.0,1.0,1.0,0.0,1.0,0.0,0.0
1,6.0,0.0,2.0,1.0,0.0,2.0,2.0,0.0,0.0,0.0,1.0,1,0.0,2.0,2.0,0.0,0.0,0.0,1.0,0.0,3.0,1.0,1.0,1.0,0.0,0.0,0.0,1.0,2.0,1.0,0.0,1.0,1.0,1.0,0.0
1,5.0,1.0,2.0,1.0,0.0,1.0,1.0,1.0,0.0,1.0,0.0,0,0.0,2.0,2.0,0.0,0.0,0.0,1.0,0.0,3.0,2.0,0.0,0.0,0.0,0.0,0.0,1.0,2.0,1.0,1.0,0.0,1.0,1.0,0.0
1,5.0,0.0,2.0,1.0,0.0,2.0,2.0,1.0,0.0,2.0,0.0,0,0.0,2.0,2.0,0.0,0.0,0.0,1.0,0.0,3.0,2.0,1.0,0.0,0.0,0.0,0.0,1.0,2.0,0.0,0.0,0.0,0.0,0.0,0.0
1,6.0,1.0,2.0,2.0,1.0,0.0,0.0,1.0,0.0,1.0,0.0,1,0.0,2.0,2.0,0.0,0.0,0.0,1.0,0.0,3.0,1.0,1.0,1.0,0.0,0.0,0.0,1.0,2.0,0.0,0.0,0.0,0.0,0.0,0.0
1,5.0,0.0,2.0,1.0,0.0,1.0,1.0,1.0,0.0,0.0,0.0,0,0.0,2.0,2.0,0.0,0.0,0.0,1.0,0.0,3.0,2.0,1.0,0.0,0.0,0.0,0.0,1.0,2.0,1.0,1.0,0.0,1.0,1.0,0.0
1,6.0,1.0,2.0,2.0,1.0,3.0,3.0,0.0,2.0,1.0,0.0,1,0.0,2.0,2.0,0.0,0.0,0.0,1.0,1.0,3.0,2.0,1.0,1.0,0.0,0.0,0.0,1.0,2.0,0.0,0.0,0.0,0.0,0.0,0.0
1,5.0,1.0,2.0,1.0,0.0,3.0,3.0,1.0,0.0,1.0,0.0,0,0.0,2.0,2.0,0.0,0.0,0.0,1.0,0.0,3.0,2.0,0.0,0.0,0.0,0.0,0.0,1.0,2.0,1.0,1.0,0.0,1.0,1.0,0.0
1,5.0,1.0,2.0,1.0,0.0,2.0,2.0,1.0,1.0,1.0,0.0,0,0.0,2.0,2.0,0.0,0.0,0.0,1.0,0.0,3.0,2.0,0.0,0.0,0.0,0.0,0.0,1.0,2.0,1.0,1.0,0.0,1.0,1.0,0.0
10,3.0,1.0,1.0,1.0,0.0,0.0,2.0,0.0,0.0,2.0,0.0,1,2.0,0.0,1.0,0.0,0.0,0.0,0.0,0.0,0.0,0.0,0.0,0.0,0.0,0.0,0.0,0.0,0.0,0.0,0.0,0.0,0.0,0.0,0.0
10,3.0,0.0,0.0,1.0,1.0,0.0,2.0,0.0,0.0,1.0,0.0,1,2.0,0.0,1.0,0.0,1.0,0.0,0.0,0.0,0.0,0.0,0.0,0.0,0.0,0.0,0.0,0.0,0.0,0.0,0.0,0.0,0.0,0.0,0.0
10,3.0,1.0,1.0,1.0,0.0,0.0,0.0,0.0,0.0,0.0,0.0,1,2.0,0.0,1.0,0.0,0.0,0.0,0.0,0.0,0.0,0.0,0.0,0.0,0.0,0.0,0.0,0.0,0.0,0.0,0.0,0.0,0.0,0.0,0.0
10,3.0,0.0,0.0,1.0,1.0,2.0,0.0,0.0,0.0,0.0,0.0,1,2.0,0.0,1.0,0.0,0.0,0.0,0.0,0.0,0.0,0.0,0.0,0.0,0.0,0.0,0.0,0.0,0.0,0.0,0.0,0.0,0.0,0.0,0.0
10,3.0,1.0,1.0,2.0,0.0,3.0,2.0,0.0,1.0,1.0,0.0,1,2.0,0.0,1.0,1.0,1.0,0.0,0.0,0.0,0.0,0.0,0.0,0.0,0.0,0.0,0.0,0.0,0.0,0.0,0.0,0.0,0.0,0.0,0.0
10,2.0,0.0,0.0,1.0,1.0,0.0,3.0,0.0,2.0,2.0,0.0,1,2.0,0.0,1.0,0.0,0.0,0.0,0.0,0.0,0.0,0.0,0.0,0.0,0.0,0.0,0.0,0.0,0.0,0.0,0.0,0.0,0.0,0.0,0.0
10,1.0,0.0,0.0,2.0,1.0,3.0,2.0,1.0,1.0,1.0,0.0,1,2.0,0.0,1.0,1.0,1.0,0.0,0.0,0.0,0.0,0.0,0.0,0.0,0.0,0.0,0.0,0.0,0.0,0.0,0.0,0.0,0.0,0.0,0.0
10,2.0,1.0,1.0,1.0,0.0,2.0,2.0,1.0,1.0,1.0,0.0,1,2.0,0.0,1.0,0.0,1.0,0.0,0.0,0.0,0.0,0.0,0.0,0.0,0.0,0.0,0.0,0.0,0.0,0.0,0.0,0.0,0.0,0.0,0.0
10,2.0,0.0,0.0,2.0,1.0,3.0,0.0,1.0,1.0,0.0,1.0,1,2.0,0.0,1.0,1.0,0.0,0.0,0.0,0.0,0.0,0.0,0.0,0.0,0.0,0.0,0.0,0.0,0.0,0.0,0.0,0.0,0.0,0.0,0.0
10,2.0,1.0,1.0,2.0,0.0,3.0,3.0,0.0,2.0,2.0,0.0,1,2.0,0.0,1.0,1.0,0.0,0.0,0.0,0.0,0.0,0.0,0.0,0.0,0.0,0.0,0.0,0.0,0.0,0.0,0.0,0.0,0.0,0.0,0.0
0,4.0,1.0,2.0,1.0,0.0,1.0,1.0,1.0,1.0,2.0,0.0,1,2.0,0.0,1.0,0.0,0.0,0.0,0.0,0.0,0.0,0.0,0.0,0.0,0.0,0.0,0.0,0.0,0.0,0.0,0.0,0.0,0.0,0.0,0.0
0,4.0,0.0,1.0,1.0,0.0,3.0,3.0,1.0,0.0,1.0,0.0,1,2.0,0.0,1.0,0.0,0.0,0.0,0.0,0.0,0.0,0.0,0.0,0.0,0.0,0.0,0.0,0.0,0.0,0.0,0.0,0.0,0.0,0.0,0.0
0,3.0,0.0,2.0,1.0,0.0,0.0,0.0,1.0,0.0,1.0,0.0,1,2.0,0.0,1.0,0.0,0.0,0.0,0.0,0.0,0.0,0.0,0.0,0.0,0.0,0.0,0.0,0.0,0.0,0.0,0.0,0.0,0.0,0.0,0.0
0,6.0,0.0,2.0,2.0,0.0,3.0,3.0,0.0,1.0,1.0,0.0,1,2.0,0.0,1.0,0.0,0.0,0.0,0.0,0.0,0.0,0.0,0.0,0.0,0.0,0.0,0.0,0.0,0.0,0.0,0.0,0.0,0.0,0.0,0.0
0,6.0,0.0,1.0,1.0,1.0,2.0,2.0,0.0,2.0,2.0,0.0,1,2.0,0.0,1.0,0.0,0.0,0.0,0.0,0.0,0.0,0.0,0.0,0.0,0.0,0.0,0.0,0.0,0.0,1.0,0.0,1.0,0.0,0.0,0.0
0,5.0,0.0,2.0,2.0,0.0,3.0,3.0,1.0,0.0,1.0,0.0,1,2.0,0.0,1.0,0.0,0.0,0.0,0.0,0.0,0.0,0.0,0.0,0.0,0.0,0.0,0.0,0.0,0.0,0.0,0.0,0.0,0.0,0.0,0.0
0,6.0,0.0,1.0,1.0,0.0,3.0,3.0,0.0,1.0,1.0,0.0,1,2.0,0.0,1.0,0.0,0.0,0.0,0.0,0.0,0.0,0.0,0.0,0.0,0.0,0.0,0.0,0.0,0.0,0.0,0.0,0.0,0.0,0.0,0.0
0,5.0,1.0,2.0,2.0,0.0,3.0,1.0,0.0,0.0,2.0,0.0,1,2.0,0.0,1.0,0.0,0.0,0.0,0.0,0.0,0.0,0.0,0.0,0.0,0.0,0.0,0.0,0.0,0.0,0.0,0.0,0.0,0.0,0.0,0.0
0,6.0,0.0,2.0,2.0,0.0,3.0,3.0,0.0,1.0,1.0,0.0,1,2.0,0.0,1.0,0.0,0.0,0.0,0.0,0.0,0.0,0.0,0.0,0.0,0.0,0.0,0.0,0.0,0.0,0.0,0.0,0.0,0.0,0.0,0.0
0,6.0,0.0,2.0,2.0,0.0,3.0,2.0,1.0,1.0,0.0,0.0,1,2.0,0.0,1.0,0.0,0.0,0.0,0.0,0.0,0.0,0.0,0.0,0.0,0.0,0.0,0.0,0.0,0.0,0.0,0.0,0.0,0.0,0.0,0.0
0,5.0,0.0,2.0,2.0,0.0,2.0,3.0,0.0,0.0,1.0,0.0,1,2.0,0.0,1.0,0.0,0.0,0.0,0.0,0.0,0.0,0.0,0.0,0.0,0.0,0.0,0.0,0.0,0.0,0.0,0.0,0.0,0.0,0.0,0.0
0,4.0,1.0,2.0,1.0,0.0,3.0,0.0,1.0,1.0,2.0,0.0,1,2.0,0.0,1.0,0.0,0.0,0.0,0.0,0.0,0.0,0.0,0.0,0.0,0.0,0.0,0.0,0.0,0.0,0.0,0.0,0.0,0.0,0.0,0.0
0,6.0,0.0,2.0,1.0,0.0,1.0,1.0,0.0,1.0,0.0,0.0,1,2.0,0.0,1.0,1.0,0.0,0.0,0.0,0.0,0.0,0.0,0.0,0.0,0.0,0.0,0.0,0.0,0.0,0.0,0.0,0.0,0.0,0.0,0.0
0,5.0,0.0,2.0,2.0,0.0,2.0,2.0,1.0,0.0,0.0,0.0,1,2.0,0.0,1.0,0.0,0.0,0.0,0.0,0.0,0.0,0.0,0.0,0.0,0.0,0.0,0.0,0.0,0.0,0.0,0.0,0.0,0.0,0.0,0.0
0,5.0,1.0,2.0,1.0,0.0,0.0,0.0,0.0,0.0,2.0,0.0,1,2.0,0.0,1.0,0.0,0.0,0.0,0.0,0.0,0.0,0.0,0.0,0.0,0.0,0.0,0.0,0.0,0.0,0.0,0.0,0.0,0.0,0.0,0.0
0,4.0,0.0,2.0,1.0,0.0,2.0,2.0,0.0,0.0,1.0,0.0,1,2.0,0.0,1.0,0.0,0.0,0.0,0.0,0.0,0.0,0.0,0.0,0.0,0.0,0.0,0.0,0.0,0.0,0.0,0.0,0.0,0.0,0.0,0.0
0,4.0,0.0,2.0,1.0,0.0,1.0,1.0,1.0,1.0,1.0,0.0,1,2.0,0.0,1.0,1.0,0.0,0.0,0.0,0.0,0.0,0.0,0.0,0.0,0.0,0.0,0.0,0.0,0.0,0.0,0.0,0.0,0.0,0.0,0.0
0,5.0,0.0,2.0,1.0,0.0,2.0,1.0,0.0,0.0,0.0,0.0,1,2.0,0.0,1.0,0.0,0.0,0.0,0.0,0.0,0.0,0.0,0.0,0.0,0.0,0.0,0.0,0.0,0.0,0.0,0.0,0.0,0.0,0.0,0.0
0,6.0,0.0,2.0,2.0,0.0,3.0,2.0,0.0,1.0,0.0,0.0,1,2.0,0.0,1.0,0.0,0.0,0.0,0.0,0.0,0.0,0.0,0.0,0.0,0.0,0.0,0.0,0.0,0.0,0.0,0.0,0.0,0.0,0.0,0.0
0,6.0,1.0,2.0,2.0,0.0,1.0,1.0,0.0,1.0,2.0,0.0,1,2.0,0.0,1.0,0.0,0.0,0.0,0.0,0.0,0.0,0.0,0.0,0.0,0.0,0.0,0.0,0.0,0.0,0.0,0.0,0.0,0.0,0.0,0.0
0,5.0,1.0,2.0,2.0,0.0,3.0,1.0,1.0,0.0,2.0,0.0,1,2.0,0.0,1.0,0.0,0.0,0.0,0.0,0.0,0.0,0.0,0.0,0.0,0.0,0.0,0.0,0.0,0.0,0.0,0.0,0.0,0.0,0.0,0.0
0,5.0,1.0,2.0,2.0,0.0,3.0,3.0,1.0,1.0,1.0,0.0,1,2.0,0.0,1.0,0.0,0.0,0.0,0.0,0.0,0.0,0.0,0.0,0.0,0.0,0.0,0.0,0.0,0.0,0.0,0.0,0.0,0.0,0.0,0.0
0,4.0,1.0,2.0,1.0,0.0,2.0,1.0,0.0,0.0,2.0,0.0,1,2.0,0.0,1.0,1.0,0.0,0.0,0.0,0.0,0.0,0.0,0.0,0.0,0.0,0.0,0.0,0.0,0.0,0.0,0.0,0.0,0.0,0.0,0.0
0,6.0,1.0,1.0,2.0,0.0,2.0,2.0,0.0,2.0,0.0,0.0,1,2.0,0.0,1.0,0.0,0.0,0.0,0.0,0.0,0.0,0.0,0.0,0.0,0.0,0.0,0.0,0.0,0.0,1.0,0.0,1.0,0.0,0.0,0.0
0,4.0,1.0,2.0,1.0,0.0,1.0,2.0,1.0,1.0,2.0,0.0,1,2.0,0.0,1.0,0.0,0.0,0.0,0.0,0.0,0.0,0.0,0.0,0.0,0.0,0.0,0.0,0.0,0.0,0.0,0.0,0.0,0.0,0.0,0.0
0,6.0,1.0,2.0,2.0,0.0,2.0,1.0,0.0,1.0,2.0,0.0,1,2.0,0.0,1.0,0.0,0.0,0.0,0.0,0.0,0.0,0.0,0.0,0.0,0.0,0.0,0.0,0.0,0.0,0.0,0.0,0.0,0.0,0.0,0.0
0,4.0,1.0,2.0,1.0,0.0,0.0,3.0,0.0,0.0,2.0,0.0,1,2.0,0.0,1.0,0.0,0.0,0.0,0.0,0.0,0.0,0.0,0.0,0.0,0.0,0.0,0.0,0.0,0.0,0.0,0.0,0.0,0.0,0.0,0.0
0,4.0,0.0,2.0,2.0,0.0,3.0,3.0,1.0,0.0,0.0,0.0,1,2.0,0.0,1.0,0.0,0.0,0.0,0.0,0.0,0.0,0.0,0.0,0.0,0.0,0.0,0.0,0.0,0.0,0.0,0.0,0.0,0.0,0.0,0.0
0,5.0,0.0,2.0,2.0,0.0,2.0,3.0,1.0,0.0,1.0,0.0,1,2.0,0.0,1.0,0.0,0.0,0.0,0.0,0.0,0.0,0.0,0.0,0.0,0.0,0.0,0.0,0.0,0.0,0.0,0.0,0.0,0.0,0.0,0.0
0,3.0,0.0,2.0,1.0,0.0,0.0,0.0,1.0,0.0,0.0,0.0,1,2.0,0.0,1.0,0.0,0.0,0.0,0.0,0.0,0.0,0.0,0.0,0.0,0.0,0.0,0.0,0.0,0.0,0.0,0.0,0.0,0.0,0.0,0.0
0,5.0,0.0,2.0,1.0,0.0,1.0,2.0,0.0,1.0,0.0,0.0,1,2.0,0.0,1.0,1.0,0.0,0.0,0.0,0.0,0.0,0.0,0.0,0.0,0.0,0.0,0.0,0.0,0.0,0.0,0.0,0.0,0.0,0.0,0.0
0,5.0,0.0,2.0,2.0,0.0,1.0,1.0,0.0,1.0,1.0,0.0,1,2.0,0.0,1.0,0.0,0.0,0.0,0.0,0.0,0.0,0.0,0.0,0.0,0.0,0.0,0.0,0.0,0.0,0.0,0.0,0.0,0.0,0.0,0.0
0,4.0,0.0,2.0,2.0,0.0,1.0,1.0,1.0,0.0,2.0,0.0,1,2.0,0.0,1.0,0.0,0.0,0.0,0.0,0.0,0.0,0.0,0.0,0.0,0.0,0.0,0.0,0.0,0.0,0.0,0.0,0.0,0.0,0.0,0.0
0,5.0,1.0,2.0,1.0,0.0,3.0,3.0,0.0,1.0,2.0,0.0,1,2.0,0.0,1.0,1.0,0.0,0.0,0.0,0.0,0.0,0.0,0.0,0.0,0.0,0.0,0.0,0.0,0.0,0.0,0.0,0.0,0.0,0.0,0.0
0,6.0,0.0,2.0,1.0,0.0,2.0,1.0,0.0,0.0,1.0,0.0,1,2.0,0.0,1.0,1.0,0.0,0.0,0.0,0.0,0.0,0.0,0.0,0.0,0.0,0.0,0.0,0.0,0.0,0.0,0.0,0.0,0.0,0.0,0.0
0,5.0,0.0,2.0,1.0,0.0,0.0,3.0,0.0,0.0,0.0,0.0,1,2.0,0.0,1.0,0.0,0.0,0.0,0.0,0.0,0.0,0.0,0.0,0.0,0.0,0.0,0.0,0.0,0.0,0.0,0.0,0.0,0.0,0.0,0.0
0,6.0,0.0,2.0,1.0,0.0,0.0,3.0,0.0,0.0,1.0,0.0,1,2.0,0.0,1.0,0.0,0.0,0.0,0.0,0.0,0.0,0.0,0.0,0.0,0.0,0.0,0.0,0.0,0.0,0.0,0.0,0.0,0.0,0.0,0.0
0,5.0,1.0,2.0,2.0,0.0,2.0,1.0,1.0,0.0,2.0,0.0,1,2.0,0.0,1.0,0.0,0.0,0.0,0.0,0.0,0.0,0.0,0.0,0.0,0.0,0.0,0.0,0.0,0.0,0.0,0.0,0.0,0.0,0.0,0.0
0,5.0,0.0,2.0,1.0,0.0,3.0,0.0,0.0,1.0,0.0,0.0,1,2.0,0.0,1.0,1.0,0.0,0.0,0.0,0.0,0.0,0.0,0.0,0.0,0.0,0.0,0.0,0.0,0.0,0.0,0.0,0.0,0.0,0.0,0.0
0,6.0,0.0,2.0,1.0,0.0,1.0,2.0,0.0,1.0,1.0,0.0,1,2.0,0.0,1.0,1.0,0.0,0.0,0.0,0.0,0.0,0.0,0.0,0.0,0.0,0.0,0.0,0.0,0.0,0.0,0.0,0.0,0.0,0.0,0.0
9,6.0,0.0,1.0,2.0,0.0,3.0,3.0,0.0,0.0,0.0,0.0,1,2.0,0.0,1.0,0.0,0.0,0.0,1.0,0.0,3.0,2.0,1.0,1.0,0.0,0.0,0.0,1.0,2.0,1.0,0.0,0.0,0.0,0.0,0.0
9,4.0,0.0,1.0,2.0,0.0,1.0,1.0,0.0,1.0,1.0,0.0,1,2.0,0.0,1.0,0.0,0.0,0.0,0.0,0.0,0.0,0.0,0.0,0.0,0.0,0.0,0.0,0.0,0.0,0.0,0.0,0.0,0.0,0.0,0.0
9,5.0,0.0,1.0,1.0,0.0,2.0,1.0,0.0,0.0,0.0,0.0,1,2.0,0.0,1.0,0.0,0.0,0.0,1.0,0.0,3.0,1.0,0.0,1.0,0.0,0.0,0.0,0.0,0.0,0.0,0.0,0.0,0.0,0.0,0.0
9,5.0,1.0,2.0,1.0,0.0,3.0,2.0,0.0,0.0,2.0,0.0,1,2.0,0.0,1.0,0.0,0.0,0.0,0.0,0.0,0.0,0.0,0.0,0.0,0.0,0.0,0.0,0.0,0.0,0.0,0.0,0.0,0.0,0.0,0.0
9,6.0,1.0,2.0,2.0,0.0,3.0,3.0,0.0,1.0,2.0,0.0,1,2.0,0.0,1.0,0.0,0.0,0.0,1.0,0.0,3.0,2.0,0.0,1.0,0.0,0.0,0.0,1.0,1.0,0.0,0.0,0.0,0.0,0.0,0.0
9,4.0,0.0,1.0,1.0,0.0,3.0,3.0,1.0,1.0,0.0,0.0,1,2.0,0.0,1.0,0.0,0.0,0.0,0.0,0.0,0.0,0.0,0.0,0.0,0.0,0.0,0.0,0.0,0.0,0.0,0.0,0.0,0.0,0.0,0.0
9,3.0,0.0,2.0,1.0,0.0,2.0,3.0,0.0,1.0,1.0,0.0,1,2.0,0.0,1.0,0.0,0.0,0.0,1.0,0.0,3.0,2.0,0.0,1.0,0.0,0.0,0.0,1.0,1.0,0.0,0.0,0.0,0.0,0.0,0.0
9,5.0,0.0,2.0,2.0,0.0,2.0,2.0,0.0,0.0,1.0,0.0,1,2.0,0.0,1.0,0.0,0.0,0.0,1.0,0.0,3.0,2.0,0.0,1.0,0.0,0.0,0.0,1.0,1.0,0.0,0.0,0.0,0.0,0.0,0.0
9,5.0,0.0,2.0,1.0,0.0,1.0,1.0,1.0,1.0,0.0,0.0,1,2.0,0.0,1.0,0.0,0.0,0.0,0.0,0.0,0.0,0.0,0.0,0.0,0.0,0.0,0.0,0.0,0.0,0.0,0.0,0.0,0.0,0.0,0.0
9,5.0,0.0,2.0,2.0,0.0,2.0,3.0,0.0,1.0,1.0,0.0,1,2.0,0.0,1.0,0.0,0.0,0.0,1.0,0.0,3.0,2.0,0.0,1.0,0.0,0.0,0.0,1.0,1.0,0.0,0.0,0.0,0.0,0.0,0.0
9,5.0,0.0,2.0,1.0,0.0,0.0,1.0,0.0,1.0,1.0,0.0,1,2.0,0.0,1.0,0.0,0.0,0.0,1.0,0.0,3.0,2.0,0.0,1.0,0.0,0.0,0.0,1.0,1.0,0.0,0.0,0.0,0.0,0.0,0.0
9,4.0,0.0,2.0,1.0,0.0,2.0,3.0,0.0,1.0,0.0,0.0,1,2.0,0.0,1.0,0.0,0.0,0.0,0.0,0.0,0.0,0.0,0.0,0.0,0.0,0.0,0.0,0.0,0.0,0.0,0.0,0.0,0.0,0.0,0.0
9,4.0,0.0,2.0,2.0,0.0,1.0,1.0,1.0,1.0,0.0,0.0,1,2.0,0.0,1.0,0.0,0.0,0.0,1.0,0.0,3.0,2.0,0.0,1.0,0.0,0.0,0.0,1.0,1.0,0.0,0.0,0.0,0.0,0.0,0.0
9,4.0,0.0,2.0,1.0,0.0,2.0,1.0,1.0,1.0,1.0,0.0,1,2.0,0.0,1.0,0.0,0.0,0.0,1.0,0.0,3.0,1.0,0.0,1.0,0.0,0.0,0.0,1.0,1.0,0.0,0.0,0.0,0.0,0.0,0.0
9,3.0,1.0,2.0,1.0,0.0,3.0,2.0,1.0,0.0,2.0,0.0,1,2.0,0.0,1.0,0.0,0.0,0.0,1.0,0.0,3.0,2.0,0.0,1.0,0.0,0.0,0.0,1.0,1.0,0.0,0.0,0.0,0.0,0.0,0.0
9,5.0,0.0,2.0,1.0,0.0,3.0,0.0,1.0,0.0,1.0,0.0,1,2.0,0.0,1.0,0.0,0.0,0.0,1.0,0.0,3.0,1.0,0.0,1.0,0.0,0.0,0.0,1.0,1.0,0.0,0.0,0.0,0.0,0.0,0.0
9,5.0,0.0,2.0,2.0,0.0,1.0,1.0,0.0,1.0,0.0,0.0,1,2.0,0.0,1.0,0.0,0.0,0.0,1.0,0.0,3.0,2.0,0.0,1.0,0.0,0.0,0.0,1.0,1.0,0.0,0.0,0.0,0.0,0.0,0.0
9,4.0,0.0,2.0,2.0,0.0,1.0,2.0,1.0,0.0,0.0,0.0,1,2.0,0.0,1.0,0.0,0.0,0.0,1.0,0.0,3.0,2.0,0.0,1.0,0.0,0.0,0.0,1.0,1.0,0.0,0.0,0.0,0.0,0.0,0.0
9,5.0,0.0,2.0,2.0,0.0,2.0,1.0,0.0,1.0,1.0,0.0,1,2.0,0.0,1.0,0.0,0.0,0.0,1.0,0.0,3.0,2.0,0.0,1.0,0.0,0.0,0.0,1.0,1.0,0.0,0.0,0.0,0.0,0.0,0.0
9,5.0,0.0,2.0,1.0,0.0,3.0,0.0,1.0,0.0,0.0,0.0,1,2.0,0.0,1.0,0.0,0.0,0.0,1.0,0.0,3.0,1.0,0.0,1.0,0.0,0.0,0.0,1.0,1.0,0.0,0.0,0.0,0.0,0.0,0.0
9,3.0,0.0,2.0,1.0,0.0,1.0,2.0,1.0,0.0,1.0,0.0,1,2.0,0.0,1.0,0.0,0.0,0.0,0.0,0.0,0.0,0.0,0.0,0.0,0.0,0.0,0.0,0.0,0.0,0.0,0.0,0.0,0.0,0.0,0.0
9,6.0,0.0,1.0,2.0,0.0,3.0,3.0,0.0,1.0,0.0,0.0,1,2.0,0.0,1.0,0.0,0.0,0.0,1.0,0.0,3.0,2.0,1.0,0.0,0.0,0.0,0.0,1.0,2.0,1.0,0.0,1.0,1.0,1.0,0.0
9,5.0,0.0,1.0,1.0,0.0,1.0,3.0,1.0,2.0,0.0,0.0,1,2.0,0.0,1.0,0.0,0.0,0.0,1.0,0.0,3.0,0.0,1.0,0.0,0.0,0.0,0.0,1.0,1.0,0.0,0.0,0.0,0.0,0.0,0.0
9,5.0,0.0,2.0,1.0,0.0,3.0,2.0,1.0,0.0,0.0,0.0,1,2.0,0.0,1.0,0.0,0.0,0.0,1.0,0.0,3.0,1.0,0.0,1.0,0.0,0.0,0.0,1.0,1.0,0.0,0.0,0.0,0.0,0.0,0.0
9,5.0,1.0,2.0,1.0,0.0,3.0,3.0,0.0,1.0,2.0,0.0,1,2.0,0.0,1.0,0.0,0.0,0.0,0.0,0.0,0.0,0.0,0.0,0.0,0.0,0.0,0.0,0.0,0.0,0.0,0.0,0.0,0.0,0.0,0.0
9,3.0,1.0,2.0,1.0,0.0,3.0,0.0,1.0,0.0,2.0,0.0,1,2.0,0.0,1.0,0.0,0.0,0.0,0.0,0.0,0.0,0.0,0.0,0.0,0.0,0.0,0.0,0.0,0.0,0.0,0.0,0.0,0.0,0.0,0.0
9,6.0,1.0,2.0,2.0,0.0,3.0,1.0,0.0,1.0,2.0,0.0,1,2.0,0.0,1.0,0.0,0.0,0.0,1.0,0.0,3.0,2.0,0.0,1.0,0.0,0.0,0.0,1.0,1.0,0.0,0.0,0.0,0.0,0.0,0.0
9,4.0,0.0,2.0,1.0,0.0,1.0,2.0,1.0,0.0,1.0,0.0,1,2.0,0.0,1.0,0.0,0.0,0.0,0.0,0.0,0.0,0.0,0.0,0.0,0.0,0.0,0.0,0.0,0.0,0.0,0.0,0.0,0.0,0.0,0.0
9,4.0,0.0,2.0,2.0,0.0,1.0,0.0,1.0,0.0,0.0,0.0,1,2.0,0.0,1.0,0.0,0.0,0.0,1.0,0.0,3.0,2.0,0.0,1.0,0.0,0.0,0.0,1.0,1.0,0.0,0.0,0.0,0.0,0.0,0.0
9,6.0,1.0,2.0,2.0,0.0,3.0,0.0,0.0,0.0,2.0,0.0,1,2.0,0.0,1.0,0.0,0.0,0.0,1.0,0.0,3.0,2.0,0.0,1.0,0.0,0.0,0.0,1.0,1.0,0.0,0.0,0.0,0.0,0.0,0.0
9,5.0,1.0,2.0,2.0,0.0,3.0,3.0,0.0,1.0,2.0,0.0,1,2.0,0.0,1.0,0.0,0.0,0.0,1.0,0.0,3.0,2.0,0.0,1.0,0.0,0.0,0.0,1.0,1.0,0.0,0.0,0.0,0.0,0.0,0.0
9,4.0,0.0,2.0,1.0,0.0,0.0,1.0,1.0,1.0,0.0,0.0,1,2.0,0.0,1.0,0.0,0.0,0.0,0.0,0.0,0.0,0.0,0.0,0.0,0.0,0.0,0.0,0.0,0.0,0.0,0.0,0.0,0.0,0.0,0.0
9,4.0,0.0,2.0,1.0,0.0,2.0,3.0,1.0,1.0,1.0,0.0,1,2.0,0.0,1.0,0.0,0.0,0.0,1.0,0.0,3.0,1.0,0.0,1.0,0.0,0.0,0.0,1.0,1.0,0.0,0.0,0.0,0.0,0.0,0.0
9,4.0,1.0,1.0,2.0,0.0,1.0,1.0,0.0,2.0,2.0,1.0,1,2.0,0.0,1.0,0.0,0.0,0.0,0.0,0.0,0.0,0.0,0.0,0.0,0.0,0.0,0.0,0.0,0.0,0.0,0.0,0.0,0.0,0.0,0.0
9,4.0,0.0,2.0,1.0,0.0,2.0,0.0,0.0,0.0,1.0,0.0,1,2.0,0.0,1.0,0.0,0.0,0.0,0.0,0.0,0.0,0.0,0.0,0.0,0.0,0.0,0.0,0.0,0.0,0.0,0.0,0.0,0.0,0.0,0.0
9,5.0,1.0,2.0,1.0,0.0,1.0,2.0,1.0,0.0,2.0,0.0,1,2.0,0.0,1.0,0.0,0.0,0.0,0.0,0.0,0.0,0.0,0.0,0.0,0.0,0.0,0.0,0.0,0.0,0.0,0.0,0.0,0.0,0.0,0.0
9,4.0,0.0,2.0,2.0,0.0,1.0,3.0,1.0,1.0,0.0,0.0,1,2.0,0.0,1.0,0.0,0.0,0.0,1.0,0.0,3.0,2.0,0.0,1.0,0.0,0.0,0.0,1.0,1.0,0.0,0.0,0.0,0.0,0.0,0.0
9,5.0,0.0,2.0,1.0,0.0,1.0,2.0,0.0,0.0,0.0,0.0,1,2.0,0.0,1.0,0.0,0.0,0.0,1.0,0.0,3.0,2.0,0.0,1.0,0.0,0.0,0.0,1.0,1.0,0.0,0.0,0.0,0.0,0.0,0.0
9,5.0,0.0,2.0,2.0,0.0,2.0,0.0,0.0,0.0,1.0,0.0,1,2.0,0.0,1.0,0.0,0.0,0.0,1.0,0.0,3.0,2.0,0.0,1.0,0.0,0.0,0.0,1.0,1.0,0.0,0.0,0.0,0.0,0.0,0.0
9,5.0,1.0,2.0,1.0,0.0,2.0,3.0,0.0,1.0,2.0,0.0,1,2.0,0.0,1.0,0.0,0.0,0.0,1.0,0.0,3.0,2.0,0.0,1.0,0.0,0.0,0.0,1.0,1.0,0.0,0.0,0.0,0.0,0.0,0.0
7,6.0,0.0,2.0,1.0,0.0,1.0,0.0,1.0,0.0,2.0,1.0,1,0.0,2.0,2.0,0.0,0.0,0.0,1.0,0.0,3.0,1.0,1.0,1.0,0.0,0.0,0.0,0.0,4.0,0.0,0.0,0.0,0.0,0.0,0.0
7,3.0,0.0,2.0,1.0,0.0,2.0,0.0,2.0,1.0,1.0,1.0,1,0.0,2.0,2.0,0.0,0.0,0.0,1.0,0.0,3.0,0.0,1.0,1.0,0.0,0.0,0.0,0.0,4.0,0.0,0.0,0.0,0.0,0.0,0.0
7,4.0,0.0,2.0,1.0,0.0,3.0,0.0,2.0,0.0,2.0,1.0,1,0.0,2.0,2.0,0.0,0.0,0.0,1.0,0.0,3.0,1.0,1.0,1.0,0.0,0.0,0.0,0.0,4.0,0.0,0.0,0.0,0.0,0.0,0.0
7,5.0,0.0,2.0,1.0,0.0,1.0,0.0,1.0,0.0,1.0,1.0,1,0.0,2.0,2.0,0.0,0.0,0.0,1.0,0.0,3.0,0.0,1.0,1.0,0.0,0.0,0.0,0.0,4.0,0.0,0.0,0.0,0.0,0.0,0.0
7,3.0,0.0,2.0,1.0,0.0,3.0,0.0,1.0,0.0,1.0,1.0,1,0.0,2.0,2.0,0.0,0.0,0.0,1.0,0.0,3.0,0.0,1.0,1.0,0.0,0.0,0.0,0.0,4.0,0.0,0.0,0.0,0.0,0.0,0.0
7,5.0,0.0,2.0,1.0,0.0,2.0,0.0,1.0,1.0,0.0,1.0,1,0.0,2.0,2.0,0.0,0.0,0.0,1.0,0.0,3.0,0.0,1.0,1.0,0.0,0.0,0.0,0.0,4.0,0.0,0.0,0.0,0.0,0.0,0.0
7,5.0,0.0,2.0,1.0,0.0,3.0,1.0,1.0,1.0,2.0,1.0,1,0.0,2.0,2.0,0.0,0.0,0.0,1.0,1.0,3.0,0.0,1.0,1.0,0.0,0.0,0.0,0.0,4.0,0.0,0.0,0.0,0.0,0.0,0.0
7,3.0,0.0,2.0,1.0,0.0,2.0,1.0,1.0,0.0,1.0,1.0,1,0.0,2.0,2.0,0.0,0.0,0.0,1.0,1.0,3.0,0.0,1.0,1.0,0.0,0.0,0.0,0.0,4.0,0.0,0.0,0.0,0.0,0.0,0.0
7,4.0,0.0,2.0,1.0,0.0,3.0,0.0,1.0,1.0,2.0,1.0,1,0.0,2.0,2.0,0.0,0.0,0.0,1.0,1.0,3.0,0.0,1.0,1.0,0.0,0.0,0.0,0.0,4.0,0.0,0.0,0.0,0.0,0.0,0.0
7,6.0,0.0,2.0,1.0,0.0,3.0,0.0,1.0,1.0,1.0,1.0,1,0.0,2.0,2.0,0.0,0.0,0.0,1.0,1.0,3.0,1.0,1.0,1.0,0.0,0.0,0.0,0.0,4.0,0.0,0.0,0.0,0.0,0.0,0.0
6,4.0,0.0,0.0,1.0,0.0,2.0,3.0,1.0,1.0,1.0,1.0,1,0.0,2.0,2.0,0.0,0.0,0.0,1.0,0.0,0.0,3.0,0.0,0.0,0.0,2.0,1.0,0.0,4.0,0.0,0.0,0.0,0.0,0.0,0.0
6,5.0,0.0,0.0,2.0,0.0,3.0,2.0,1.0,0.0,2.0,1.0,1,0.0,2.0,2.0,0.0,0.0,0.0,1.0,0.0,0.0,3.0,0.0,0.0,0.0,2.0,1.0,0.0,4.0,0.0,0.0,0.0,0.0,0.0,0.0
6,4.0,0.0,0.0,2.0,0.0,3.0,3.0,1.0,1.0,1.0,1.0,1,0.0,2.0,2.0,0.0,0.0,0.0,1.0,0.0,0.0,3.0,0.0,0.0,0.0,2.0,1.0,0.0,4.0,0.0,0.0,0.0,0.0,0.0,0.0
6,5.0,0.0,0.0,2.0,0.0,0.0,2.0,1.0,0.0,2.0,1.0,1,0.0,2.0,2.0,0.0,0.0,0.0,1.0,0.0,0.0,3.0,0.0,0.0,0.0,2.0,1.0,0.0,4.0,0.0,0.0,0.0,0.0,0.0,0.0
6,5.0,0.0,0.0,2.0,1.0,2.0,2.0,1.0,0.0,2.0,1.0,1,0.0,2.0,2.0,0.0,0.0,0.0,1.0,1.0,0.0,3.0,0.0,0.0,0.0,2.0,1.0,0.0,4.0,0.0,0.0,0.0,0.0,0.0,0.0
6,3.0,0.0,0.0,2.0,1.0,0.0,2.0,1.0,0.0,1.0,1.0,1,0.0,2.0,2.0,0.0,0.0,0.0,1.0,0.0,0.0,3.0,0.0,0.0,0.0,2.0,1.0,0.0,4.0,0.0,0.0,0.0,0.0,0.0,0.0
6,4.0,0.0,0.0,2.0,1.0,1.0,3.0,1.0,1.0,2.0,1.0,1,0.0,2.0,2.0,0.0,0.0,0.0,1.0,0.0,0.0,3.0,0.0,0.0,0.0,2.0,1.0,0.0,4.0,0.0,0.0,0.0,0.0,0.0,0.0
6,5.0,0.0,0.0,2.0,1.0,2.0,2.0,1.0,0.0,0.0,1.0,1,0.0,2.0,2.0,0.0,0.0,0.0,1.0,0.0,0.0,3.0,0.0,0.0,0.0,2.0,1.0,0.0,4.0,0.0,0.0,0.0,0.0,0.0,0.0
6,6.0,0.0,0.0,2.0,1.0,3.0,3.0,1.0,1.0,1.0,1.0,1,0.0,2.0,2.0,0.0,0.0,0.0,1.0,0.0,0.0,3.0,0.0,0.0,0.0,2.0,1.0,0.0,4.0,0.0,0.0,0.0,0.0,0.0,0.0
6,6.0,0.0,0.0,2.0,1.0,3.0,3.0,1.0,1.0,0.0,1.0,1,0.0,2.0,2.0,0.0,0.0,0.0,1.0,0.0,0.0,3.0,0.0,0.0,0.0,2.0,1.0,0.0,4.0,0.0,0.0,0.0,0.0,0.0,0.0
14,0.0,1.0,2.0,0.0,0.0,0.0,1.0,1.0,0.0,1.0,1.0,0,0.0,2.0,2.0,0.0,0.0,0.0,1.0,0.0,1.0,1.0,0.0,1.0,0.0,0.0,0.0,3.0,4.0,0.0,0.0,0.0,0.0,0.0,1.0
14,0.0,1.0,2.0,0.0,0.0,3.0,1.0,2.0,0.0,2.0,1.0,0,0.0,2.0,2.0,0.0,0.0,0.0,1.0,0.0,1.0,1.0,0.0,1.0,0.0,0.0,0.0,3.0,4.0,0.0,0.0,0.0,0.0,0.0,0.0
14,0.0,1.0,2.0,0.0,0.0,2.0,1.0,1.0,1.0,1.0,1.0,0,0.0,2.0,2.0,0.0,0.0,0.0,1.0,0.0,1.0,1.0,0.0,1.0,0.0,0.0,0.0,3.0,4.0,0.0,0.0,0.0,0.0,0.0,0.0
14,2.0,1.0,2.0,0.0,0.0,0.0,1.0,1.0,0.0,1.0,1.0,0,0.0,2.0,2.0,0.0,0.0,0.0,1.0,0.0,1.0,1.0,0.0,1.0,0.0,0.0,0.0,3.0,4.0,0.0,0.0,0.0,0.0,0.0,0.0
14,1.0,1.0,2.0,0.0,0.0,2.0,1.0,1.0,0.0,1.0,1.0,0,0.0,2.0,2.0,0.0,0.0,0.0,1.0,0.0,1.0,1.0,0.0,1.0,0.0,0.0,0.0,3.0,4.0,0.0,0.0,0.0,0.0,0.0,0.0
14,2.0,1.0,2.0,0.0,0.0,3.0,1.0,2.0,0.0,1.0,1.0,0,0.0,2.0,2.0,0.0,0.0,0.0,1.0,0.0,1.0,1.0,0.0,1.0,0.0,0.0,0.0,3.0,4.0,0.0,0.0,0.0,0.0,0.0,0.0
14,2.0,1.0,2.0,0.0,0.0,2.0,1.0,1.0,0.0,2.0,1.0,0,0.0,2.0,2.0,0.0,0.0,0.0,1.0,0.0,1.0,1.0,0.0,1.0,1.0,0.0,0.0,3.0,4.0,0.0,0.0,0.0,0.0,0.0,0.0
14,4.0,0.0,2.0,0.0,1.0,0.0,1.0,2.0,0.0,2.0,1.0,1,0.0,2.0,2.0,0.0,0.0,0.0,1.0,1.0,1.0,1.0,0.0,1.0,1.0,0.0,0.0,3.0,4.0,0.0,0.0,0.0,0.0,0.0,0.0
14,0.0,1.0,2.0,0.0,0.0,1.0,1.0,1.0,1.0,1.0,1.0,0,0.0,2.0,2.0,0.0,0.0,0.0,1.0,0.0,1.0,1.0,0.0,1.0,1.0,0.0,0.0,3.0,4.0,0.0,0.0,0.0,0.0,0.0,0.0
14,2.0,1.0,2.0,0.0,0.0,3.0,1.0,2.0,0.0,2.0,1.0,0,0.0,2.0,2.0,0.0,0.0,0.0,1.0,0.0,1.0,1.0,0.0,1.0,1.0,0.0,0.0,3.0,4.0,0.0,0.0,0.0,0.0,0.0,0.0
11,2.0,1.0,1.0,0.0,0.0,3.0,1.0,2.0,0.0,2.0,1.0,1,0.0,2.0,2.0,0.0,0.0,0.0,1.0,0.0,1.0,2.0,0.0,0.0,0.0,0.0,0.0,3.0,4.0,0.0,0.0,0.0,0.0,0.0,0.0
11,1.0,1.0,2.0,0.0,0.0,3.0,1.0,1.0,1.0,2.0,1.0,1,0.0,2.0,2.0,0.0,0.0,0.0,1.0,0.0,2.0,2.0,0.0,0.0,0.0,0.0,0.0,3.0,4.0,0.0,0.0,0.0,0.0,0.0,0.0
11,2.0,1.0,2.0,1.0,1.0,3.0,1.0,2.0,1.0,2.0,1.0,1,0.0,2.0,2.0,0.0,0.0,0.0,1.0,0.0,2.0,2.0,0.0,1.0,0.0,0.0,0.0,3.0,4.0,0.0,0.0,0.0,0.0,0.0,0.0
11,1.0,1.0,2.0,1.0,1.0,2.0,3.0,1.0,1.0,1.0,1.0,1,0.0,2.0,2.0,0.0,0.0,0.0,1.0,0.0,2.0,2.0,0.0,1.0,0.0,0.0,0.0,3.0,4.0,0.0,0.0,0.0,0.0,0.0,0.0
5,3.0,0.0,0.0,0.0,1.0,1.0,0.0,2.0,0.0,0.0,1.0,1,2.0,0.0,1.0,0.0,0.0,0.0,1.0,1.0,0.0,3.0,0.0,0.0,0.0,1.0,0.0,0.0,4.0,0.0,0.0,0.0,0.0,0.0,0.0
5,4.0,0.0,1.0,0.0,1.0,2.0,2.0,1.0,1.0,1.0,1.0,0,0.0,2.0,2.0,0.0,0.0,0.0,1.0,1.0,0.0,3.0,0.0,0.0,0.0,1.0,0.0,0.0,4.0,0.0,0.0,0.0,0.0,0.0,0.0
5,3.0,0.0,0.0,0.0,1.0,3.0,2.0,2.0,0.0,1.0,1.0,1,2.0,0.0,1.0,0.0,0.0,0.0,1.0,1.0,0.0,3.0,0.0,0.0,0.0,1.0,0.0,0.0,4.0,0.0,0.0,0.0,0.0,0.0,0.0
5,5.0,0.0,0.0,1.0,1.0,3.0,0.0,1.0,0.0,0.0,1.0,1,2.0,0.0,2.0,0.0,0.0,0.0,1.0,1.0,0.0,3.0,0.0,0.0,0.0,1.0,0.0,0.0,4.0,0.0,0.0,0.0,0.0,0.0,0.0
5,6.0,0.0,0.0,1.0,1.0,2.0,1.0,1.0,1.0,1.0,1.0,1,2.0,0.0,1.0,0.0,0.0,0.0,1.0,1.0,0.0,3.0,0.0,0.0,0.0,1.0,0.0,0.0,4.0,0.0,0.0,0.0,0.0,0.0,0.0
5,4.0,0.0,1.0,0.0,1.0,3.0,2.0,2.0,0.0,2.0,1.0,0,0.0,2.0,2.0,0.0,0.0,0.0,1.0,1.0,0.0,3.0,0.0,0.0,0.0,1.0,0.0,0.0,4.0,0.0,0.0,0.0,0.0,0.0,0.0
5,5.0,0.0,0.0,2.0,0.0,2.0,3.0,1.0,0.0,2.0,0.0,1,0.0,2.0,2.0,0.0,0.0,0.0,1.0,0.0,0.0,0.0,0.0,0.0,0.0,1.0,0.0,0.0,0.0,0.0,0.0,0.0,0.0,0.0,0.0
5,5.0,0.0,0.0,1.0,0.0,1.0,0.0,1.0,1.0,0.0,0.0,1,0.0,2.0,2.0,0.0,0.0,0.0,1.0,0.0,0.0,0.0,0.0,0.0,0.0,1.0,0.0,0.0,0.0,0.0,0.0,0.0,0.0,0.0,0.0
5,4.0,0.0,0.0,1.0,0.0,3.0,2.0,1.0,0.0,1.0,0.0,1,0.0,2.0,2.0,0.0,0.0,0.0,1.0,0.0,0.0,0.0,0.0,0.0,0.0,1.0,0.0,0.0,0.0,0.0,0.0,0.0,0.0,0.0,0.0
5,5.0,0.0,0.0,1.0,0.0,2.0,3.0,1.0,0.0,2.0,0.0,1,0.0,2.0,2.0,0.0,0.0,0.0,1.0,0.0,0.0,0.0,0.0,0.0,0.0,1.0,0.0,0.0,0.0,0.0,0.0,0.0,0.0,0.0,0.0
5,5.0,0.0,0.0,1.0,0.0,2.0,2.0,1.0,1.0,1.0,0.0,1,0.0,2.0,2.0,0.0,0.0,0.0,1.0,0.0,0.0,0.0,0.0,0.0,0.0,1.0,0.0,0.0,0.0,0.0,0.0,0.0,0.0,0.0,0.0
5,3.0,1.0,1.0,0.0,0.0,2.0,0.0,2.0,0.0,2.0,1.0,0,0.0,2.0,2.0,0.0,0.0,0.0,1.0,1.0,0.0,3.0,0.0,0.0,0.0,1.0,0.0,0.0,4.0,0.0,0.0,0.0,0.0,0.0,0.0
5,5.0,1.0,1.0,1.0,0.0,2.0,3.0,2.0,0.0,0.0,1.0,0,0.0,2.0,2.0,0.0,0.0,0.0,1.0,1.0,0.0,3.0,0.0,0.0,0.0,1.0,0.0,0.0,4.0,0.0,0.0,0.0,0.0,0.0,0.0
5,4.0,1.0,0.0,0.0,0.0,2.0,2.0,2.0,0.0,1.0,1.0,1,2.0,0.0,1.0,0.0,0.0,0.0,1.0,0.0,0.0,3.0,0.0,0.0,0.0,1.0,0.0,0.0,4.0,0.0,0.0,0.0,0.0,0.0,0.0
5,5.0,1.0,1.0,0.0,0.0,3.0,3.0,1.0,1.0,2.0,1.0,0,0.0,2.0,2.0,0.0,0.0,0.0,1.0,1.0,0.0,3.0,0.0,0.0,0.0,1.0,0.0,0.0,4.0,0.0,0.0,0.0,0.0,0.0,0.0
5,4.0,1.0,1.0,0.0,0.0,3.0,1.0,1.0,1.0,0.0,1.0,0,0.0,2.0,2.0,0.0,0.0,0.0,1.0,0.0,0.0,3.0,0.0,0.0,0.0,1.0,0.0,0.0,4.0,0.0,0.0,0.0,0.0,0.0,0.0
5,6.0,1.0,1.0,1.0,0.0,3.0,3.0,1.0,1.0,1.0,1.0,0,0.0,2.0,2.0,0.0,0.0,0.0,1.0,1.0,0.0,3.0,0.0,0.0,0.0,1.0,0.0,0.0,4.0,0.0,0.0,0.0,0.0,0.0,0.0
5,3.0,0.0,0.0,1.0,0.0,2.0,2.0,1.0,0.0,1.0,0.0,1,0.0,2.0,2.0,0.0,0.0,0.0,1.0,0.0,0.0,0.0,0.0,0.0,0.0,1.0,0.0,0.0,0.0,0.0,0.0,0.0,0.0,0.0,0.0
5,5.0,0.0,0.0,2.0,0.0,3.0,0.0,1.0,0.0,2.0,0.0,1,0.0,2.0,2.0,0.0,0.0,0.0,1.0,0.0,0.0,0.0,0.0,0.0,0.0,1.0,0.0,0.0,0.0,0.0,0.0,0.0,0.0,0.0,0.0
5,3.0,0.0,0.0,1.0,0.0,2.0,2.0,1.0,1.0,1.0,0.0,1,0.0,2.0,2.0,0.0,0.0,0.0,1.0,0.0,0.0,0.0,0.0,0.0,0.0,1.0,0.0,0.0,0.0,0.0,0.0,0.0,0.0,0.0,0.0
5,4.0,0.0,0.0,1.0,0.0,1.0,3.0,1.0,0.0,0.0,0.0,1,0.0,2.0,2.0,0.0,0.0,0.0,1.0,0.0,0.0,0.0,0.0,0.0,0.0,1.0,0.0,0.0,0.0,0.0,0.0,0.0,0.0,0.0,0.0
5,5.0,0.0,0.0,2.0,0.0,2.0,0.0,1.0,1.0,0.0,0.0,1,0.0,2.0,2.0,0.0,0.0,0.0,1.0,0.0,0.0,0.0,0.0,0.0,0.0,1.0,0.0,0.0,0.0,0.0,0.0,0.0,0.0,0.0,0.0
5,4.0,0.0,0.0,1.0,0.0,1.0,0.0,1.0,0.0,0.0,0.0,1,0.0,2.0,2.0,0.0,0.0,0.0,1.0,0.0,0.0,0.0,0.0,0.0,0.0,1.0,0.0,0.0,0.0,0.0,0.0,0.0,0.0,0.0,0.0
5,5.0,0.0,0.0,2.0,0.0,3.0,2.0,1.0,1.0,1.0,0.0,1,0.0,2.0,2.0,0.0,0.0,0.0,1.0,0.0,0.0,0.0,0.0,0.0,0.0,1.0,0.0,0.0,0.0,0.0,0.0,0.0,0.0,0.0,0.0
12,1.0,0.0,0.0,0.0,1.0,0.0,0.0,0.0,0.0,0.0,0.0,1,0.0,2.0,2.0,0.0,0.0,1.0,0.0,0.0,0.0,0.0,0.0,0.0,0.0,0.0,0.0,0.0,0.0,0.0,0.0,0.0,0.0,0.0,0.0
12,2.0,0.0,1.0,1.0,1.0,1.0,1.0,1.0,1.0,1.0,0.0,1,0.0,2.0,2.0,0.0,0.0,1.0,0.0,0.0,0.0,0.0,0.0,0.0,0.0,0.0,0.0,0.0,0.0,0.0,0.0,0.0,0.0,0.0,0.0
12,3.0,0.0,2.0,0.0,1.0,2.0,2.0,0.0,0.0,2.0,0.0,1,0.0,2.0,2.0,0.0,0.0,1.0,0.0,0.0,0.0,0.0,0.0,0.0,0.0,0.0,0.0,0.0,0.0,0.0,0.0,0.0,0.0,0.0,0.0
12,4.0,0.0,0.0,1.0,1.0,3.0,3.0,1.0,0.0,0.0,0.0,1,0.0,2.0,2.0,0.0,0.0,1.0,0.0,0.0,0.0,0.0,0.0,0.0,0.0,0.0,0.0,0.0,0.0,0.0,0.0,0.0,0.0,0.0,0.0
12,5.0,0.0,1.0,0.0,1.0,0.0,0.0,0.0,0.0,1.0,0.0,1,0.0,2.0,2.0,0.0,0.0,1.0,0.0,0.0,0.0,0.0,0.0,0.0,0.0,0.0,0.0,0.0,0.0,0.0,0.0,0.0,0.0,0.0,0.0
12,4.0,0.0,1.0,0.0,1.0,2.0,2.0,0.0,1.0,0.0,0.0,1,0.0,2.0,2.0,0.0,0.0,1.0,0.0,0.0,0.0,0.0,0.0,0.0,0.0,0.0,0.0,0.0,0.0,0.0,0.0,0.0,0.0,0.0,0.0
12,3.0,1.0,0.0,1.0,0.0,3.0,3.0,1.0,1.0,2.0,0.0,1,0.0,2.0,2.0,0.0,0.0,1.0,0.0,0.0,0.0,0.0,0.0,0.0,0.0,0.0,0.0,0.0,0.0,0.0,0.0,0.0,0.0,0.0,0.0
12,4.0,1.0,1.0,0.0,0.0,0.0,0.0,0.0,2.0,0.0,0.0,1,0.0,2.0,2.0,0.0,0.0,1.0,0.0,0.0,0.0,0.0,0.0,0.0,0.0,0.0,0.0,0.0,0.0,0.0,0.0,0.0,0.0,0.0,0.0
12,2.0,1.0,1.0,0.0,0.0,0.0,0.0,0.0,0.0,1.0,0.0,1,0.0,2.0,2.0,0.0,0.0,1.0,0.0,0.0,0.0,0.0,0.0,0.0,0.0,0.0,0.0,0.0,0.0,0.0,0.0,0.0,0.0,0.0,0.0
12,5.0,1.0,0.0,1.0,0.0,3.0,3.0,1.0,0.0,1.0,0.0,1,0.0,2.0,2.0,0.0,0.0,1.0,0.0,0.0,0.0,0.0,0.0,0.0,0.0,0.0,0.0,0.0,0.0,0.0,0.0,0.0,0.0,0.0,0.0
8,3.0,0.0,2.0,0.0,1.0,2.0,2.0,1.0,0.0,1.0,0.0,1,1.0,0.0,1.0,0.0,0.0,2.0,0.0,0.0,0.0,0.0,0.0,0.0,0.0,0.0,0.0,0.0,0.0,1.0,1.0,0.0,0.0,0.0,0.0
8,4.0,0.0,2.0,1.0,1.0,3.0,3.0,1.0,1.0,2.0,0.0,1,2.0,0.0,1.0,0.0,1.0,2.0,0.0,0.0,0.0,0.0,0.0,0.0,0.0,0.0,0.0,0.0,0.0,1.0,1.0,0.0,0.0,0.0,0.0
8,5.0,0.0,2.0,1.0,1.0,1.0,0.0,1.0,0.0,1.0,0.0,1,1.0,0.0,1.0,0.0,0.0,2.0,0.0,0.0,0.0,0.0,0.0,0.0,0.0,0.0,0.0,0.0,0.0,1.0,1.0,0.0,0.0,0.0,0.0
8,2.0,0.0,2.0,0.0,1.0,0.0,3.0,1.0,1.0,2.0,0.0,1,2.0,0.0,1.0,0.0,0.0,2.0,0.0,0.0,0.0,0.0,0.0,0.0,0.0,0.0,0.0,0.0,0.0,1.0,1.0,0.0,0.0,0.0,0.0
8,3.0,0.0,2.0,1.0,1.0,1.0,0.0,1.0,0.0,1.0,0.0,1,2.0,0.0,1.0,0.0,1.0,2.0,0.0,0.0,0.0,0.0,0.0,0.0,0.0,0.0,0.0,0.0,0.0,1.0,1.0,0.0,0.0,0.0,0.0
8,6.0,1.0,2.0,0.0,0.0,1.0,3.0,0.0,1.0,2.0,0.0,1,2.0,0.0,1.0,0.0,1.0,2.0,0.0,0.0,0.0,0.0,0.0,0.0,0.0,0.0,0.0,0.0,0.0,1.0,1.0,0.0,0.0,0.0,0.0
8,3.0,1.0,2.0,2.0,0.0,3.0,1.0,1.0,1.0,2.0,0.0,1,1.0,0.0,1.0,0.0,0.0,2.0,0.0,0.0,0.0,0.0,0.0,0.0,0.0,0.0,0.0,0.0,0.0,1.0,1.0,0.0,0.0,0.0,0.0
8,5.0,1.0,2.0,1.0,0.0,2.0,3.0,0.0,1.0,2.0,0.0,1,1.0,0.0,1.0,0.0,0.0,2.0,0.0,0.0,0.0,0.0,0.0,0.0,0.0,0.0,0.0,0.0,0.0,1.0,1.0,0.0,0.0,0.0,0.0
8,3.0,1.0,2.0,1.0,0.0,1.0,1.0,0.0,1.0,2.0,0.0,1,2.0,0.0,1.0,0.0,0.0,2.0,0.0,0.0,0.0,0.0,0.0,0.0,0.0,0.0,0.0,0.0,0.0,1.0,1.0,0.0,0.0,0.0,0.0
8,5.0,1.0,2.0,0.0,0.0,3.0,3.0,0.0,1.0,2.0,0.0,1,2.0,0.0,1.0,0.0,0.0,2.0,0.0,0.0,0.0,0.0,0.0,0.0,0.0,0.0,0.0,0.0,0.0,1.0,1.0,0.0,0.0,0.0,0.0
4,1.0,1.0,2.0,1.0,0.0,3.0,2.0,1.0,0.0,2.0,0.0,1,2.0,0.0,1.0,0.0,0.0,0.0,1.0,0.0,3.0,1.0,1.0,0.0,0.0,0.0,0.0,0.0,0.0,0.0,0.0,0.0,0.0,0.0,0.0
4,2.0,0.0,2.0,1.0,0.0,1.0,1.0,1.0,0.0,0.0,0.0,1,2.0,0.0,1.0,1.0,0.0,0.0,0.0,0.0,0.0,0.0,0.0,0.0,0.0,0.0,0.0,0.0,0.0,0.0,0.0,0.0,0.0,0.0,0.0
4,3.0,0.0,2.0,1.0,0.0,2.0,3.0,1.0,0.0,1.0,0.0,1,2.0,0.0,1.0,0.0,0.0,0.0,0.0,0.0,0.0,0.0,0.0,0.0,0.0,0.0,0.0,0.0,0.0,0.0,0.0,0.0,0.0,0.0,0.0
4,2.0,1.0,2.0,1.0,0.0,3.0,3.0,1.0,0.0,2.0,0.0,1,2.0,0.0,1.0,1.0,0.0,0.0,0.0,0.0,0.0,0.0,0.0,0.0,0.0,0.0,0.0,0.0,0.0,0.0,0.0,0.0,0.0,0.0,0.0
4,2.0,0.0,2.0,1.0,0.0,2.0,2.0,1.0,0.0,1.0,0.0,1,2.0,0.0,1.0,1.0,0.0,0.0,1.0,0.0,3.0,1.0,1.0,0.0,0.0,0.0,0.0,0.0,0.0,0.0,0.0,0.0,0.0,0.0,0.0
4,5.0,0.0,2.0,1.0,0.0,2.0,3.0,2.0,1.0,1.0,0.0,1,2.0,0.0,1.0,0.0,0.0,0.0,1.0,0.0,0.0,3.0,1.0,1.0,0.0,0.0,0.0,0.0,0.0,0.0,0.0,0.0,0.0,0.0,0.0
4,2.0,0.0,2.0,1.0,0.0,3.0,3.0,1.0,1.0,1.0,0.0,1,2.0,0.0,1.0,1.0,0.0,0.0,0.0,0.0,0.0,0.0,0.0,0.0,0.0,0.0,0.0,0.0,0.0,0.0,0.0,0.0,0.0,0.0,0.0
4,1.0,0.0,2.0,1.0,0.0,2.0,3.0,1.0,2.0,1.0,0.0,1,2.0,0.0,1.0,1.0,0.0,0.0,0.0,0.0,0.0,0.0,0.0,0.0,0.0,0.0,0.0,0.0,0.0,0.0,0.0,0.0,0.0,0.0,0.0
4,2.0,1.0,1.0,1.0,1.0,2.0,2.0,1.0,1.0,2.0,1.0,1,2.0,0.0,1.0,0.0,0.0,0.0,0.0,0.0,0.0,0.0,0.0,0.0,0.0,0.0,0.0,0.0,0.0,0.0,0.0,0.0,0.0,0.0,0.0
4,3.0,1.0,2.0,2.0,1.0,1.0,1.0,0.0,2.0,1.0,0.0,1,2.0,0.0,1.0,0.0,0.0,0.0,1.0,0.0,3.0,1.0,0.0,0.0,0.0,0.0,0.0,1.0,2.0,0.0,0.0,0.0,0.0,0.0,0.0
4,0.0,0.0,1.0,1.0,0.0,0.0,0.0,0.0,0.0,0.0,0.0,1,2.0,0.0,1.0,0.0,0.0,0.0,0.0,0.0,0.0,0.0,0.0,0.0,0.0,0.0,0.0,0.0,0.0,0.0,0.0,0.0,0.0,0.0,0.0
4,1.0,0.0,2.0,2.0,0.0,1.0,1.0,0.0,1.0,1.0,1.0,1,2.0,0.0,1.0,0.0,0.0,0.0,0.0,0.0,0.0,0.0,0.0,0.0,0.0,0.0,0.0,0.0,0.0,0.0,0.0,0.0,0.0,0.0,0.0
4,2.0,0.0,1.0,1.0,0.0,2.0,2.0,1.0,2.0,2.0,0.0,1,2.0,0.0,1.0,0.0,0.0,0.0,0.0,0.0,0.0,0.0,0.0,0.0,0.0,0.0,0.0,0.0,0.0,0.0,0.0,0.0,0.0,0.0,0.0
4,3.0,0.0,2.0,2.0,0.0,3.0,3.0,0.0,0.0,1.0,1.0,1,2.0,0.0,1.0,0.0,0.0,0.0,1.0,0.0,3.0,1.0,0.0,0.0,0.0,0.0,0.0,0.0,1.0,0.0,0.0,0.0,0.0,0.0,0.0
4,4.0,0.0,1.0,1.0,0.0,1.0,0.0,1.0,1.0,2.0,0.0,1,2.0,0.0,1.0,0.0,0.0,0.0,1.0,0.0,3.0,1.0,1.0,0.0,0.0,0.0,0.0,1.0,2.0,0.0,0.0,0.0,0.0,0.0,0.0
4,0.0,0.0,2.0,2.0,0.0,2.0,1.0,1.0,2.0,1.0,1.0,1,2.0,0.0,1.0,0.0,0.0,0.0,0.0,0.0,0.0,0.0,0.0,0.0,0.0,0.0,0.0,0.0,0.0,0.0,0.0,0.0,0.0,0.0,0.0
4,1.0,0.0,1.0,1.0,0.0,3.0,2.0,0.0,0.0,2.0,0.0,1,2.0,0.0,1.0,0.0,0.0,0.0,0.0,0.0,0.0,0.0,0.0,0.0,0.0,0.0,0.0,0.0,0.0,0.0,0.0,0.0,0.0,0.0,0.0
4,2.0,0.0,2.0,2.0,0.0,1.0,3.0,0.0,1.0,1.0,0.0,1,2.0,0.0,1.0,0.0,0.0,0.0,0.0,0.0,0.0,0.0,0.0,0.0,0.0,0.0,0.0,0.0,0.0,0.0,0.0,0.0,0.0,0.0,0.0
4,0.0,0.0,1.0,1.0,0.0,2.0,0.0,0.0,2.0,2.0,1.0,1,2.0,0.0,1.0,0.0,0.0,0.0,0.0,0.0,0.0,0.0,0.0,0.0,0.0,0.0,0.0,0.0,0.0,0.0,0.0,0.0,0.0,0.0,0.0
4,1.0,1.0,2.0,2.0,1.0,3.0,1.0,0.0,0.0,1.0,0.0,1,2.0,0.0,1.0,0.0,0.0,0.0,0.0,0.0,0.0,0.0,0.0,0.0,0.0,0.0,0.0,0.0,0.0,0.0,0.0,0.0,0.0,0.0,0.0
4,1.0,0.0,2.0,1.0,0.0,1.0,1.0,1.0,0.0,0.0,0.0,1,2.0,0.0,1.0,0.0,0.0,0.0,0.0,0.0,0.0,0.0,0.0,0.0,0.0,0.0,0.0,0.0,0.0,0.0,0.0,0.0,0.0,0.0,0.0
4,2.0,0.0,2.0,1.0,0.0,2.0,2.0,1.0,0.0,1.0,0.0,1,2.0,0.0,1.0,1.0,0.0,0.0,0.0,0.0,0.0,0.0,0.0,0.0,0.0,0.0,0.0,0.0,0.0,0.0,0.0,0.0,0.0,0.0,0.0
4,3.0,1.0,2.0,1.0,0.0,3.0,3.0,1.0,0.0,2.0,0.0,1,2.0,0.0,1.0,0.0,0.0,0.0,1.0,0.0,3.0,1.0,1.0,0.0,0.0,0.0,0.0,0.0,0.0,0.0,0.0,0.0,0.0,0.0,0.0
4,4.0,0.0,2.0,1.0,0.0,2.0,1.0,1.0,0.0,0.0,0.0,1,2.0,0.0,1.0,1.0,0.0,0.0,1.0,0.0,3.0,1.0,1.0,0.0,0.0,0.0,0.0,0.0,0.0,0.0,0.0,0.0,0.0,0.0,0.0
4,5.0,0.0,2.0,1.0,0.0,3.0,2.0,1.0,0.0,1.0,0.0,1,2.0,0.0,1.0,0.0,0.0,0.0,1.0,0.0,3.0,1.0,1.0,0.0,0.0,0.0,0.0,0.0,0.0,0.0,0.0,0.0,0.0,0.0,0.0
4,1.0,1.0,2.0,1.0,0.0,2.0,3.0,1.0,0.0,2.0,0.0,1,2.0,0.0,1.0,1.0,0.0,0.0,0.0,0.0,0.0,0.0,0.0,0.0,0.0,0.0,0.0,0.0,0.0,0.0,0.0,0.0,0.0,0.0,0.0
4,2.0,0.0,2.0,1.0,0.0,3.0,3.0,1.0,0.0,0.0,0.0,1,2.0,0.0,1.0,1.0,0.0,0.0,0.0,0.0,0.0,0.0,0.0,0.0,0.0,0.0,0.0,0.0,0.0,0.0,0.0,0.0,0.0,0.0,0.0
4,3.0,0.0,2.0,1.0,0.0,2.0,3.0,1.0,0.0,1.0,0.0,1,2.0,0.0,1.0,0.0,0.0,0.0,1.0,0.0,3.0,1.0,1.0,0.0,0.0,0.0,0.0,0.0,0.0,0.0,0.0,0.0,0.0,0.0,0.0
4,1.0,1.0,2.0,1.0,0.0,3.0,3.0,1.0,0.0,2.0,0.0,1,2.0,0.0,1.0,1.0,0.0,0.0,0.0,0.0,0.0,0.0,0.0,0.0,0.0,0.0,0.0,0.0,0.0,0.0,0.0,0.0,0.0,0.0,0.0
4,2.0,0.0,2.0,1.0,0.0,1.0,1.0,1.0,0.0,0.0,0.0,1,2.0,0.0,1.0,1.0,0.0,0.0,0.0,0.0,0.0,0.0,0.0,0.0,0.0,0.0,0.0,0.0,0.0,0.0,0.0,0.0,0.0,0.0,0.0
4,3.0,0.0,2.0,1.0,0.0,2.0,2.0,1.0,0.0,1.0,0.0,1,2.0,0.0,1.0,0.0,0.0,0.0,1.0,0.0,3.0,1.0,1.0,0.0,0.0,0.0,0.0,0.0,0.0,0.0,0.0,0.0,0.0,0.0,0.0
4,1.0,1.0,2.0,1.0,0.0,3.0,3.0,1.0,0.0,2.0,0.0,1,2.0,0.0,1.0,1.0,0.0,0.0,0.0,0.0,0.0,0.0,0.0,0.0,0.0,0.0,0.0,0.0,0.0,0.0,0.0,0.0,0.0,0.0,0.0
4,2.0,0.0,2.0,1.0,0.0,2.0,3.0,1.0,0.0,0.0,0.0,1,2.0,0.0,1.0,1.0,0.0,0.0,0.0,0.0,0.0,0.0,0.0,0.0,0.0,0.0,0.0,0.0,0.0,0.0,0.0,0.0,0.0,0.0,0.0
4,3.0,0.0,2.0,1.0,0.0,3.0,3.0,1.0,0.0,1.0,0.0,1,2.0,0.0,1.0,1.0,0.0,0.0,1.0,0.0,3.0,1.0,1.0,0.0,0.0,0.0,0.0,0.0,0.0,0.0,0.0,0.0,0.0,0.0,0.0
4,1.0,1.0,2.0,1.0,0.0,2.0,1.0,1.0,0.0,2.0,0.0,1,2.0,0.0,1.0,1.0,0.0,0.0,0.0,0.0,0.0,0.0,0.0,0.0,0.0,0.0,0.0,0.0,0.0,0.0,0.0,0.0,0.0,0.0,0.0
4,2.0,0.0,2.0,1.0,0.0,3.0,2.0,1.0,0.0,0.0,0.0,1,2.0,0.0,1.0,1.0,0.0,0.0,0.0,0.0,0.0,0.0,0.0,0.0,0.0,0.0,0.0,0.0,0.0,0.0,0.0,0.0,0.0,0.0,0.0
4,3.0,0.0,2.0,1.0,0.0,2.0,3.0,1.0,0.0,1.0,0.0,1,2.0,0.0,1.0,0.0,0.0,0.0,1.0,0.0,3.0,1.0,1.0,0.0,0.0,0.0,0.0,0.0,0.0,0.0,0.0,0.0,0.0,0.0,0.0
4,4.0,1.0,2.0,1.0,0.0,3.0,1.0,1.0,0.0,2.0,0.0,1,2.0,0.0,1.0,0.0,0.0,0.0,1.0,0.0,3.0,1.0,1.0,0.0,0.0,0.0,0.0,0.0,0.0,0.0,0.0,0.0,0.0,0.0,0.0
4,5.0,0.0,2.0,1.0,0.0,1.0,2.0,1.0,0.0,0.0,0.0,1,2.0,0.0,1.0,0.0,0.0,0.0,1.0,0.0,3.0,1.0,1.0,0.0,0.0,0.0,0.0,0.0,0.0,0.0,0.0,0.0,0.0,0.0,0.0
4,1.0,0.0,2.0,1.0,0.0,2.0,3.0,1.0,0.0,1.0,0.0,1,2.0,0.0,1.0,1.0,0.0,0.0,0.0,0.0,0.0,0.0,0.0,0.0,0.0,0.0,0.0,0.0,0.0,0.0,0.0,0.0,0.0,0.0,0.0
4,2.0,1.0,2.0,1.0,0.0,3.0,3.0,1.0,0.0,2.0,0.0,1,2.0,0.0,1.0,1.0,0.0,0.0,0.0,0.0,0.0,0.0,0.0,0.0,0.0,0.0,0.0,0.0,0.0,0.0,0.0,0.0,0.0,0.0,0.0
4,3.0,0.0,2.0,1.0,0.0,2.0,1.0,1.0,0.0,0.0,0.0,1,2.0,0.0,1.0,0.0,0.0,0.0,1.0,0.0,3.0,1.0,1.0,0.0,0.0,0.0,0.0,0.0,0.0,0.0,0.0,0.0,0.0,0.0,0.0
4,4.0,0.0,2.0,1.0,0.0,3.0,3.0,1.0,0.0,1.0,0.0,1,2.0,0.0,1.0,0.0,0.0,0.0,1.0,0.0,3.0,1.0,1.0,0.0,0.0,0.0,0.0,0.0,0.0,0.0,0.0,0.0,0.0,0.0,0.0
4,5.0,1.0,2.0,1.0,0.0,3.0,3.0,1.0,0.0,2.0,0.0,1,2.0,0.0,1.0,0.0,0.0,0.0,1.0,0.0,3.0,1.0,1.0,0.0,0.0,0.0,0.0,0.0,0.0,0.0,0.0,0.0,0.0,0.0,0.0
4,1.0,0.0,2.0,1.0,0.0,1.0,1.0,1.0,0.0,0.0,0.0,1,2.0,0.0,1.0,0.0,0.0,0.0,0.0,0.0,0.0,0.0,0.0,0.0,0.0,0.0,0.0,0.0,0.0,0.0,0.0,0.0,0.0,0.0,0.0
4,2.0,0.0,2.0,1.0,0.0,2.0,2.0,1.0,0.0,1.0,0.0,1,2.0,0.0,1.0,0.0,0.0,0.0,0.0,0.0,0.0,0.0,0.0,0.0,0.0,0.0,0.0,0.0,0.0,0.0,0.0,0.0,0.0,0.0,0.0
4,3.0,1.0,2.0,1.0,0.0,3.0,3.0,1.0,0.0,2.0,0.0,1,2.0,0.0,1.0,1.0,0.0,0.0,1.0,0.0,3.0,1.0,1.0,0.0,0.0,0.0,0.0,0.0,0.0,0.0,0.0,0.0,0.0,0.0,0.0
4,1.0,0.0,2.0,1.0,0.0,1.0,1.0,1.0,0.0,0.0,0.0,1,2.0,0.0,1.0,1.0,0.0,0.0,1.0,0.0,3.0,1.0,1.0,0.0,0.0,0.0,0.0,0.0,0.0,0.0,0.0,0.0,0.0,0.0,0.0
4,2.0,0.0,2.0,1.0,0.0,2.0,2.0,1.0,0.0,1.0,0.0,1,2.0,0.0,1.0,1.0,0.0,0.0,1.0,0.0,3.0,1.0,1.0,0.0,0.0,0.0,0.0,0.0,0.0,0.0,0.0,0.0,0.0,0.0,0.0
4,3.0,1.0,2.0,1.0,0.0,3.0,3.0,1.0,0.0,2.0,0.0,1,2.0,0.0,1.0,1.0,0.0,0.0,1.0,0.0,3.0,1.0,1.0,0.0,0.0,0.0,0.0,0.0,0.0,0.0,0.0,0.0,0.0,0.0,0.0
4,1.0,0.0,2.0,1.0,0.0,1.0,3.0,1.0,0.0,0.0,0.0,1,2.0,0.0,1.0,1.0,0.0,0.0,1.0,0.0,3.0,1.0,1.0,0.0,0.0,0.0,0.0,0.0,0.0,0.0,0.0,0.0,0.0,0.0,0.0
4,2.0,0.0,2.0,1.0,0.0,2.0,2.0,1.0,0.0,1.0,0.0,1,2.0,0.0,1.0,1.0,0.0,0.0,1.0,0.0,3.0,1.0,1.0,0.0,0.0,0.0,0.0,0.0,0.0,0.0,0.0,0.0,0.0,0.0,0.0
2,3.0,0.0,2.0,1.0,1.0,1.0,1.0,1.0,1.0,1.0,0.0,1,2.0,0.0,0.0,1.0,0.0,0.0,0.0,0.0,0.0,0.0,0.0,0.0,0.0,0.0,0.0,0.0,0.0,0.0,0.0,0.0,0.0,0.0,0.0
2,4.0,1.0,1.0,1.0,0.0,2.0,2.0,0.0,0.0,2.0,0.0,1,1.0,0.0,0.0,1.0,0.0,0.0,0.0,0.0,0.0,0.0,0.0,0.0,0.0,0.0,0.0,0.0,0.0,0.0,0.0,0.0,0.0,0.0,0.0
2,2.0,1.0,1.0,1.0,0.0,1.0,0.0,0.0,0.0,2.0,0.0,1,1.0,0.0,0.0,0.0,0.0,0.0,0.0,0.0,0.0,0.0,0.0,0.0,0.0,0.0,0.0,0.0,0.0,0.0,0.0,0.0,0.0,0.0,0.0
2,4.0,0.0,1.0,2.0,0.0,3.0,2.0,0.0,0.0,1.0,0.0,1,1.0,0.0,0.0,1.0,0.0,0.0,0.0,0.0,0.0,0.0,0.0,0.0,0.0,0.0,0.0,0.0,0.0,0.0,0.0,0.0,0.0,0.0,0.0
2,5.0,1.0,2.0,1.0,1.0,1.0,3.0,1.0,1.0,2.0,1.0,1,2.0,0.0,0.0,1.0,0.0,0.0,0.0,0.0,0.0,0.0,0.0,0.0,0.0,0.0,0.0,0.0,0.0,0.0,0.0,0.0,0.0,0.0,0.0
2,3.0,0.0,1.0,1.0,0.0,2.0,0.0,0.0,0.0,0.0,1.0,1,1.0,0.0,0.0,1.0,0.0,0.0,0.0,0.0,0.0,0.0,0.0,0.0,0.0,0.0,0.0,0.0,0.0,0.0,0.0,0.0,0.0,0.0,0.0
2,4.0,0.0,2.0,1.0,1.0,3.0,1.0,1.0,1.0,1.0,0.0,1,2.0,0.0,0.0,0.0,1.0,0.0,0.0,0.0,0.0,0.0,0.0,0.0,0.0,0.0,0.0,0.0,0.0,0.0,0.0,0.0,0.0,0.0,0.0
2,3.0,0.0,2.0,1.0,1.0,1.0,2.0,1.0,1.0,1.0,1.0,1,2.0,0.0,0.0,1.0,0.0,0.0,0.0,0.0,0.0,0.0,0.0,0.0,0.0,0.0,0.0,0.0,0.0,0.0,0.0,0.0,0.0,0.0,0.0
2,4.0,1.0,1.0,1.0,0.0,2.0,3.0,0.0,0.0,2.0,0.0,1,1.0,0.0,0.0,1.0,0.0,0.0,0.0,0.0,0.0,0.0,0.0,0.0,0.0,0.0,0.0,0.0,0.0,0.0,0.0,0.0,0.0,0.0,0.0
2,5.0,0.0,2.0,1.0,1.0,3.0,0.0,1.0,1.0,1.0,1.0,1,2.0,0.0,0.0,1.0,0.0,0.0,0.0,0.0,0.0,0.0,0.0,0.0,0.0,0.0,0.0,0.0,0.0,0.0,0.0,0.0,0.0,0.0,0.0
3,3.0,0.0,1.0,0.0,1.0,3.0,3.0,0.0,0.0,1.0,0.0,1,1.0,1.0,0.0,0.0,0.0,0.0,0.0,0.0,0.0,0.0,0.0,0.0,0.0,0.0,0.0,0.0,0.0,1.0,1.0,1.0,0.0,0.0,0.0
3,1.0,1.0,1.0,1.0,0.0,1.0,0.0,0.0,1.0,2.0,0.0,1,1.0,1.0,0.0,1.0,0.0,0.0,0.0,0.0,0.0,0.0,0.0,0.0,0.0,0.0,0.0,0.0,0.0,0.0,0.0,0.0,1.0,0.0,1.0
3,2.0,0.0,1.0,2.0,1.0,2.0,1.0,0.0,0.0,1.0,0.0,1,2.0,1.0,0.0,1.0,0.0,0.0,0.0,0.0,0.0,0.0,0.0,0.0,0.0,0.0,0.0,0.0,0.0,1.0,1.0,1.0,0.0,0.0,0.0
3,3.0,1.0,1.0,1.0,0.0,3.0,2.0,0.0,0.0,2.0,0.0,1,2.0,0.0,0.0,0.0,0.0,0.0,0.0,0.0,0.0,0.0,0.0,0.0,0.0,0.0,0.0,0.0,0.0,0.0,0.0,0.0,0.0,0.0,1.0
3,2.0,0.0,2.0,1.0,1.0,3.0,1.0,1.0,1.0,1.0,0.0,1,1.0,1.0,0.0,1.0,0.0,0.0,0.0,0.0,0.0,0.0,0.0,0.0,0.0,0.0,0.0,0.0,0.0,1.0,1.0,1.0,0.0,0.0,0.0
3,2.0,0.0,2.0,1.0,1.0,1.0,3.0,1.0,0.0,1.0,0.0,1,1.0,1.0,0.0,1.0,0.0,0.0,0.0,0.0,0.0,0.0,0.0,0.0,0.0,0.0,0.0,0.0,0.0,1.0,1.0,1.0,0.0,0.0,0.0
3,1.0,0.0,1.0,1.0,1.0,3.0,1.0,0.0,1.0,1.0,0.0,1,1.0,0.0,0.0,1.0,0.0,0.0,0.0,0.0,0.0,0.0,0.0,0.0,0.0,0.0,0.0,0.0,0.0,1.0,1.0,1.0,1.0,0.0,0.0
3,2.0,1.0,2.0,2.0,0.0,1.0,2.0,1.0,1.0,2.0,0.0,1,1.0,1.0,0.0,1.0,0.0,0.0,0.0,0.0,0.0,0.0,0.0,0.0,0.0,0.0,0.0,0.0,0.0,0.0,0.0,0.0,0.0,0.0,1.0
3,5.0,0.0,1.0,2.0,1.0,0.0,1.0,0.0,0.0,1.0,1.0,1,1.0,1.0,0.0,0.0,1.0,0.0,0.0,0.0,0.0,0.0,0.0,0.0,0.0,0.0,0.0,0.0,0.0,1.0,1.0,1.0,0.0,0.0,0.0
3,2.0,1.0,2.0,0.0,0.0,1.0,2.0,1.0,0.0,2.0,0.0,1,1.0,1.0,0.0,1.0,1.0,0.0,0.0,0.0,0.0,0.0,0.0,0.0,0.0,0.0,0.0,0.0,0.0,0.0,0.0,0.0,0.0,0.0,1.0
13,5.0,0.0,2.0,2.0,1.0,2.0,2.0,0.0,0.0,1.0,0.0,1,2.0,0.0,0.0,0.0,0.0,0.0,0.0,1.0,0.0,3.0,0.0,0.0,0.0,0.0,0.0,1.0,1.0,1.0,0.0,1.0,0.0,0.0,0.0
13,6.0,0.0,2.0,0.0,1.0,3.0,3.0,0.0,1.0,2.0,0.0,1,2.0,0.0,0.0,0.0,0.0,0.0,1.0,0.0,0.0,3.0,0.0,0.0,0.0,0.0,0.0,1.0,1.0,1.0,0.0,1.0,0.0,0.0,0.0
13,5.0,0.0,2.0,2.0,1.0,1.0,1.0,0.0,1.0,2.0,0.0,1,2.0,0.0,0.0,0.0,0.0,0.0,0.0,0.0,0.0,3.0,0.0,0.0,0.0,0.0,0.0,1.0,1.0,1.0,0.0,1.0,0.0,0.0,0.0
13,4.0,0.0,2.0,2.0,1.0,0.0,0.0,0.0,0.0,2.0,0.0,1,2.0,0.0,0.0,0.0,0.0,0.0,0.0,1.0,0.0,3.0,0.0,0.0,0.0,0.0,0.0,1.0,1.0,1.0,0.0,1.0,0.0,0.0,0.0
13,5.0,0.0,2.0,0.0,0.0,1.0,1.0,0.0,0.0,1.0,0.0,1,2.0,0.0,0.0,0.0,0.0,0.0,1.0,0.0,0.0,3.0,0.0,0.0,0.0,0.0,0.0,1.0,1.0,1.0,0.0,1.0,0.0,0.0,0.0
13,6.0,0.0,2.0,1.0,0.0,2.0,2.0,0.0,0.0,2.0,0.0,0,0.0,2.0,2.0,0.0,0.0,0.0,1.0,0.0,0.0,3.0,0.0,0.0,0.0,0.0,0.0,1.0,1.0,1.0,0.0,1.0,0.0,0.0,0.0
13,3.0,0.0,2.0,2.0,0.0,3.0,3.0,0.0,0.0,1.0,0.0,0,0.0,2.0,2.0,0.0,0.0,0.0,0.0,0.0,0.0,3.0,0.0,0.0,0.0,0.0,0.0,0.0,0.0,1.0,0.0,1.0,0.0,0.0,0.0
13,3.0,0.0,2.0,0.0,0.0,3.0,3.0,0.0,0.0,2.0,0.0,0,0.0,2.0,2.0,0.0,0.0,0.0,0.0,0.0,0.0,3.0,0.0,0.0,0.0,0.0,0.0,0.0,0.0,1.0,0.0,1.0,0.0,0.0,0.0
13,5.0,0.0,2.0,2.0,0.0,1.0,1.0,0.0,1.0,2.0,0.0,0,0.0,2.0,2.0,0.0,0.0,0.0,0.0,0.0,0.0,3.0,0.0,0.0,0.0,0.0,0.0,0.0,0.0,1.0,0.0,1.0,0.0,0.0,0.0
13,6.0,0.0,2.0,1.0,0.0,3.0,3.0,0.0,1.0,2.0,0.0,1,2.0,0.0,0.0,0.0,0.0,0.0,1.0,0.0,0.0,3.0,0.0,0.0,0.0,0.0,0.0,1.0,1.0,1.0,0.0,1.0,0.0,0.0,0.0
1,0.0,0.0,2.0,1.0,0.0,0.0,0.0,0.0,0.0,0.0,0.0,1,0.0,2.0,2.0,0.0,0.0,0.0,1.0,0.0,2.0,1.0,0.0,1.0,0.0,0.0,0.0,0.0,0.0,1.0,0.0,1.0,1.0,1.0,0.0
1,2.0,0.0,2.0,1.0,0.0,2.0,2.0,0.0,2.0,2.0,1.0,1,0.0,2.0,2.0,0.0,0.0,0.0,1.0,0.0,3.0,1.0,0.0,1.0,0.0,0.0,0.0,0.0,0.0,1.0,0.0,1.0,1.0,1.0,0.0
1,4.0,0.0,2.0,1.0,0.0,0.0,0.0,0.0,1.0,1.0,0.0,1,0.0,2.0,2.0,0.0,0.0,0.0,1.0,0.0,3.0,1.0,1.0,1.0,0.0,0.0,0.0,1.0,2.0,1.0,1.0,0.0,1.0,1.0,0.0
1,1.0,0.0,2.0,1.0,0.0,0.0,0.0,0.0,2.0,1.0,1.0,1,0.0,2.0,2.0,0.0,0.0,0.0,1.0,0.0,2.0,1.0,0.0,1.0,0.0,0.0,0.0,0.0,0.0,1.0,0.0,1.0,0.0,1.0,0.0
1,4.0,1.0,2.0,2.0,1.0,1.0,1.0,1.0,0.0,0.0,0.0,1,0.0,2.0,2.0,0.0,0.0,0.0,1.0,1.0,3.0,2.0,1.0,1.0,0.0,0.0,0.0,1.0,2.0,1.0,1.0,0.0,1.0,0.0,0.0
1,6.0,0.0,2.0,1.0,0.0,3.0,3.0,1.0,0.0,1.0,0.0,0,0.0,2.0,2.0,0.0,0.0,0.0,1.0,0.0,3.0,2.0,1.0,0.0,0.0,0.0,0.0,1.0,2.0,1.0,1.0,0.0,1.0,1.0,0.0
1,6.0,1.0,2.0,1.0,0.0,1.0,1.0,1.0,1.0,0.0,0.0,0,0.0,2.0,2.0,0.0,0.0,0.0,1.0,0.0,3.0,2.0,1.0,0.0,0.0,0.0,0.0,1.0,2.0,1.0,1.0,0.0,1.0,1.0,0.0
1,6.0,1.0,2.0,1.0,0.0,3.0,3.0,1.0,0.0,0.0,0.0,0,0.0,2.0,2.0,0.0,0.0,0.0,1.0,0.0,3.0,2.0,1.0,0.0,0.0,0.0,0.0,1.0,2.0,1.0,1.0,0.0,1.0,1.0,0.0
1,5.0,1.0,2.0,1.0,0.0,2.0,2.0,1.0,0.0,2.0,0.0,0,0.0,2.0,2.0,0.0,0.0,0.0,1.0,0.0,3.0,2.0,1.0,0.0,0.0,0.0,0.0,1.0,2.0,1.0,1.0,0.0,1.0,1.0,0.0
1,5.0,0.0,2.0,1.0,0.0,3.0,3.0,1.0,1.0,0.0,0.0,0,0.0,2.0,2.0,0.0,0.0,0.0,1.0,0.0,3.0,2.0,1.0,0.0,0.0,0.0,0.0,1.0,2.0,1.0,1.0,0.0,1.0,1.0,0.0
1,4.0,0.0,2.0,1.0,0.0,2.0,2.0,1.0,1.0,2.0,0.0,0,0.0,2.0,2.0,0.0,0.0,0.0,1.0,0.0,3.0,2.0,0.0,0.0,0.0,0.0,0.0,1.0,2.0,0.0,0.0,0.0,0.0,0.0,0.0
1,3.0,1.0,2.0,2.0,1.0,1.0,1.0,0.0,1.0,2.0,1.0,1,0.0,2.0,2.0,0.0,0.0,0.0,1.0,1.0,3.0,2.0,1.0,1.0,0.0,0.0,0.0,1.0,2.0,0.0,0.0,0.0,0.0,0.0,0.0
1,4.0,1.0,2.0,2.0,1.0,1.0,1.0,0.0,1.0,0.0,1.0,1,0.0,2.0,2.0,0.0,0.0,0.0,1.0,1.0,3.0,2.0,1.0,1.0,0.0,0.0,0.0,1.0,2.0,0.0,0.0,0.0,0.0,0.0,0.0
1,5.0,1.0,2.0,2.0,1.0,2.0,2.0,1.0,0.0,1.0,0.0,1,0.0,2.0,2.0,0.0,0.0,0.0,1.0,0.0,3.0,1.0,1.0,1.0,0.0,0.0,0.0,1.0,2.0,0.0,0.0,0.0,0.0,0.0,0.0
1,6.0,1.0,2.0,2.0,1.0,3.0,3.0,0.0,1.0,2.0,0.0,1,0.0,2.0,2.0,0.0,0.0,0.0,1.0,0.0,3.0,2.0,1.0,1.0,0.0,0.0,0.0,1.0,2.0,0.0,0.0,0.0,0.0,0.0,0.0
1,4.0,0.0,2.0,1.0,0.0,1.0,1.0,2.0,0.0,0.0,0.0,0,0.0,2.0,2.0,0.0,0.0,0.0,1.0,0.0,3.0,2.0,0.0,0.0,0.0,0.0,0.0,1.0,2.0,0.0,0.0,0.0,0.0,0.0,0.0
1,5.0,1.0,2.0,1.0,0.0,2.0,2.0,1.0,1.0,1.0,0.0,0,0.0,2.0,2.0,0.0,0.0,0.0,1.0,0.0,3.0,2.0,1.0,0.0,0.0,0.0,0.0,1.0,2.0,1.0,1.0,0.0,1.0,1.0,0.0
1,6.0,0.0,2.0,1.0,0.0,3.0,3.0,1.0,0.0,0.0,0.0,0,0.0,2.0,2.0,0.0,0.0,0.0,1.0,0.0,3.0,2.0,1.0,0.0,0.0,0.0,0.0,1.0,2.0,1.0,1.0,0.0,1.0,1.0,0.0
1,4.0,1.0,2.0,1.0,0.0,1.0,1.0,2.0,1.0,1.0,0.0,0,0.0,2.0,2.0,0.0,0.0,0.0,1.0,0.0,3.0,2.0,0.0,0.0,0.0,0.0,0.0,1.0,2.0,0.0,0.0,0.0,0.0,0.0,0.0
1,5.0,0.0,2.0,1.0,0.0,2.0,2.0,1.0,0.0,0.0,0.0,0,0.0,2.0,2.0,0.0,0.0,0.0,1.0,0.0,3.0,2.0,1.0,0.0,0.0,0.0,0.0,1.0,2.0,1.0,1.0,0.0,1.0,1.0,0.0
1,6.0,1.0,2.0,1.0,0.0,3.0,3.0,1.0,1.0,1.0,0.0,0,0.0,2.0,2.0,0.0,0.0,0.0,1.0,0.0,3.0,2.0,1.0,0.0,0.0,0.0,0.0,1.0,2.0,1.0,1.0,0.0,1.0,1.0,0.0
1,5.0,0.0,2.0,1.0,0.0,3.0,3.0,1.0,0.0,0.0,0.0,0,0.0,2.0,2.0,0.0,0.0,0.0,1.0,0.0,3.0,2.0,1.0,0.0,0.0,0.0,0.0,1.0,2.0,0.0,0.0,0.0,0.0,0.0,0.0
1,5.0,1.0,2.0,1.0,0.0,1.0,1.0,1.0,1.0,1.0,0.0,0,0.0,2.0,2.0,0.0,0.0,0.0,1.0,0.0,3.0,2.0,0.0,0.0,0.0,0.0,0.0,1.0,2.0,0.0,0.0,0.0,0.0,0.0,0.0
1,5.0,0.0,2.0,1.0,0.0,1.0,1.0,1.0,0.0,1.0,0.0,0,0.0,2.0,2.0,0.0,0.0,0.0,1.0,0.0,3.0,2.0,1.0,0.0,0.0,0.0,0.0,1.0,2.0,0.0,0.0,0.0,0.0,0.0,0.0
10,1.0,0.0,0.0,1.0,1.0,0.0,0.0,1.0,0.0,0.0,0.0,1,2.0,0.0,1.0,0.0,1.0,0.0,0.0,0.0,0.0,0.0,0.0,0.0,0.0,0.0,0.0,0.0,0.0,0.0,0.0,0.0,0.0,0.0,0.0
10,3.0,0.0,0.0,1.0,1.0,2.0,3.0,0.0,0.0,2.0,1.0,1,2.0,0.0,1.0,0.0,1.0,0.0,0.0,0.0,0.0,0.0,0.0,0.0,0.0,0.0,0.0,0.0,0.0,0.0,0.0,0.0,0.0,0.0,0.0
10,1.0,1.0,1.0,1.0,0.0,2.0,3.0,1.0,0.0,2.0,0.0,1,2.0,0.0,1.0,0.0,0.0,0.0,0.0,0.0,0.0,0.0,0.0,0.0,0.0,0.0,0.0,0.0,0.0,0.0,0.0,0.0,0.0,0.0,0.0
10,2.0,1.0,1.0,1.0,0.0,2.0,0.0,1.0,0.0,2.0,0.0,1,2.0,0.0,1.0,0.0,0.0,0.0,0.0,0.0,0.0,0.0,0.0,0.0,0.0,0.0,0.0,0.0,0.0,0.0,0.0,0.0,0.0,0.0,0.0
10,2.0,0.0,0.0,2.0,1.0,1.0,2.0,0.0,1.0,1.0,0.0,1,2.0,0.0,1.0,1.0,0.0,0.0,0.0,0.0,0.0,0.0,0.0,0.0,0.0,0.0,0.0,0.0,0.0,0.0,0.0,0.0,0.0,0.0,0.0
10,2.0,0.0,0.0,2.0,1.0,1.0,3.0,0.0,0.0,2.0,0.0,1,2.0,0.0,1.0,1.0,0.0,0.0,0.0,0.0,0.0,0.0,0.0,0.0,0.0,0.0,0.0,0.0,0.0,0.0,0.0,0.0,0.0,0.0,0.0
10,3.0,1.0,1.0,2.0,0.0,1.0,0.0,0.0,0.0,0.0,1.0,1,2.0,0.0,1.0,1.0,1.0,0.0,0.0,0.0,0.0,0.0,0.0,0.0,0.0,0.0,0.0,0.0,0.0,0.0,0.0,0.0,0.0,0.0,0.0
10,4.0,1.0,1.0,2.0,0.0,1.0,2.0,0.0,1.0,1.0,1.0,1,2.0,0.0,1.0,1.0,1.0,0.0,0.0,0.0,0.0,0.0,0.0,0.0,0.0,0.0,0.0,0.0,0.0,0.0,0.0,0.0,0.0,0.0,0.0
10,2.0,1.0,1.0,2.0,0.0,3.0,0.0,0.0,1.0,1.0,0.0,1,2.0,0.0,1.0,1.0,1.0,0.0,0.0,0.0,0.0,0.0,0.0,0.0,0.0,0.0,0.0,0.0,0.0,0.0,0.0,0.0,0.0,0.0,0.0
10,4.0,1.0,1.0,2.0,0.0,1.0,3.0,0.0,1.0,1.0,0.0,1,2.0,0.0,1.0,1.0,1.0,0.0,0.0,0.0,0.0,0.0,0.0,0.0,0.0,0.0,0.0,0.0,0.0,0.0,0.0,0.0,0.0,0.0,0.0
0,6.0,0.0,2.0,2.0,0.0,2.0,2.0,0.0,1.0,0.0,0.0,1,2.0,0.0,1.0,0.0,0.0,0.0,0.0,0.0,0.0,0.0,0.0,0.0,0.0,0.0,0.0,0.0,0.0,0.0,0.0,0.0,0.0,0.0,0.0
0,5.0,0.0,2.0,2.0,0.0,2.0,2.0,1.0,0.0,0.0,0.0,1,2.0,0.0,1.0,0.0,0.0,0.0,0.0,0.0,0.0,0.0,0.0,0.0,0.0,0.0,0.0,0.0,0.0,0.0,0.0,0.0,0.0,0.0,0.0
0,6.0,1.0,2.0,2.0,0.0,2.0,3.0,1.0,1.0,2.0,0.0,1,2.0,0.0,1.0,0.0,0.0,0.0,0.0,0.0,0.0,0.0,0.0,0.0,0.0,0.0,0.0,0.0,0.0,0.0,0.0,0.0,0.0,0.0,0.0
0,5.0,1.0,2.0,1.0,0.0,2.0,2.0,0.0,0.0,2.0,0.0,1,2.0,0.0,1.0,0.0,0.0,0.0,0.0,0.0,0.0,0.0,0.0,0.0,0.0,0.0,0.0,0.0,0.0,0.0,0.0,0.0,0.0,0.0,0.0
0,6.0,0.0,2.0,1.0,0.0,3.0,3.0,0.0,1.0,0.0,0.0,1,2.0,0.0,1.0,0.0,0.0,0.0,0.0,0.0,0.0,0.0,0.0,0.0,0.0,0.0,0.0,0.0,0.0,0.0,0.0,0.0,0.0,0.0,0.0
0,5.0,0.0,2.0,1.0,0.0,2.0,2.0,0.0,0.0,0.0,0.0,1,2.0,0.0,1.0,1.0,0.0,0.0,0.0,0.0,0.0,0.0,0.0,0.0,0.0,0.0,0.0,0.0,0.0,0.0,0.0,0.0,0.0,0.0,0.0
0,6.0,0.0,2.0,1.0,0.0,3.0,3.0,0.0,1.0,1.0,0.0,1,2.0,0.0,1.0,1.0,0.0,0.0,0.0,0.0,0.0,0.0,0.0,0.0,0.0,0.0,0.0,0.0,0.0,0.0,0.0,0.0,0.0,0.0,0.0
0,5.0,0.0,2.0,1.0,0.0,3.0,0.0,0.0,1.0,1.0,0.0,1,2.0,0.0,1.0,1.0,0.0,0.0,0.0,0.0,0.0,0.0,0.0,0.0,0.0,0.0,0.0,0.0,0.0,0.0,0.0,0.0,0.0,0.0,0.0
0,5.0,1.0,2.0,1.0,1.0,0.0,0.0,1.0,1.0,1.0,0.0,1,2.0,0.0,1.0,0.0,0.0,0.0,0.0,0.0,0.0,0.0,0.0,0.0,0.0,0.0,0.0,0.0,0.0,1.0,0.0,1.0,0.0,0.0,0.0
0,5.0,1.0,2.0,1.0,1.0,1.0,1.0,1.0,1.0,1.0,0.0,1,2.0,0.0,1.0,0.0,0.0,0.0,0.0,0.0,0.0,0.0,0.0,0.0,0.0,0.0,0.0,0.0,0.0,0.0,0.0,0.0,0.0,0.0,0.0
0,4.0,0.0,2.0,1.0,1.0,0.0,0.0,1.0,0.0,0.0,0.0,1,2.0,0.0,1.0,0.0,0.0,0.0,0.0,0.0,0.0,0.0,0.0,0.0,0.0,0.0,0.0,0.0,0.0,1.0,0.0,1.0,0.0,0.0,0.0
0,6.0,1.0,1.0,2.0,1.0,1.0,1.0,0.0,2.0,2.0,0.0,1,2.0,0.0,1.0,0.0,0.0,0.0,0.0,0.0,0.0,0.0,0.0,0.0,0.0,0.0,0.0,0.0,0.0,0.0,0.0,0.0,0.0,0.0,0.0
0,4.0,1.0,2.0,1.0,0.0,2.0,2.0,0.0,0.0,0.0,0.0,1,2.0,0.0,1.0,0.0,0.0,0.0,0.0,0.0,0.0,0.0,0.0,0.0,0.0,0.0,0.0,0.0,0.0,1.0,0.0,0.0,0.0,0.0,0.0
0,6.0,0.0,1.0,1.0,1.0,0.0,0.0,0.0,2.0,2.0,0.0,1,2.0,0.0,1.0,0.0,0.0,0.0,0.0,0.0,0.0,0.0,0.0,0.0,0.0,0.0,0.0,0.0,0.0,1.0,0.0,1.0,0.0,0.0,0.0
0,5.0,0.0,2.0,1.0,1.0,2.0,2.0,1.0,1.0,1.0,0.0,1,2.0,0.0,1.0,0.0,0.0,0.0,0.0,0.0,0.0,0.0,0.0,0.0,0.0,0.0,0.0,0.0,0.0,1.0,0.0,1.0,0.0,0.0,0.0
0,6.0,0.0,1.0,2.0,1.0,3.0,3.0,0.0,2.0,0.0,0.0,1,2.0,0.0,1.0,0.0,0.0,0.0,0.0,0.0,0.0,0.0,0.0,0.0,0.0,0.0,0.0,0.0,0.0,0.0,0.0,1.0,0.0,0.0,0.0
0,4.0,1.0,2.0,2.0,0.0,0.0,0.0,0.0,0.0,2.0,0.0,1,2.0,0.0,1.0,0.0,0.0,0.0,0.0,0.0,0.0,0.0,0.0,0.0,0.0,0.0,0.0,0.0,0.0,1.0,0.0,1.0,0.0,0.0,0.0
0,5.0,1.0,1.0,2.0,1.0,0.0,0.0,1.0,1.0,2.0,0.0,1,2.0,0.0,1.0,0.0,0.0,0.0,0.0,0.0,0.0,0.0,0.0,0.0,0.0,0.0,0.0,0.0,0.0,1.0,0.0,1.0,0.0,0.0,0.0
0,6.0,0.0,2.0,1.0,0.0,1.0,1.0,0.0,2.0,0.0,0.0,1,2.0,0.0,1.0,0.0,0.0,0.0,0.0,0.0,0.0,0.0,0.0,0.0,0.0,0.0,0.0,0.0,0.0,0.0,0.0,0.0,0.0,0.0,0.0
0,5.0,1.0,1.0,2.0,1.0,2.0,2.0,0.0,0.0,0.0,0.0,1,2.0,0.0,1.0,0.0,0.0,0.0,0.0,0.0,0.0,0.0,0.0,0.0,0.0,0.0,0.0,0.0,0.0,1.0,0.0,1.0,0.0,0.0,0.0
0,4.0,0.0,2.0,1.0,0.0,1.0,0.0,1.0,0.0,0.0,0.0,1,2.0,0.0,1.0,0.0,0.0,0.0,0.0,0.0,0.0,0.0,0.0,0.0,0.0,0.0,0.0,0.0,0.0,0.0,0.0,0.0,0.0,0.0,0.0
0,5.0,0.0,2.0,2.0,0.0,2.0,1.0,1.0,1.0,1.0,0.0,1,2.0,0.0,1.0,0.0,0.0,0.0,0.0,0.0,0.0,0.0,0.0,0.0,0.0,0.0,0.0,0.0,0.0,0.0,0.0,0.0,0.0,0.0,0.0
0,6.0,1.0,2.0,2.0,0.0,3.0,2.0,0.0,0.0,2.0,0.0,1,2.0,0.0,1.0,0.0,0.0,0.0,0.0,0.0,0.0,0.0,0.0,0.0,0.0,0.0,0.0,0.0,0.0,0.0,0.0,0.0,0.0,0.0,0.0
0,5.0,0.0,2.0,2.0,0.0,1.0,3.0,0.0,1.0,0.0,0.0,1,2.0,0.0,1.0,0.0,0.0,0.0,0.0,0.0,0.0,0.0,0.0,0.0,0.0,0.0,0.0,0.0,0.0,0.0,0.0,0.0,0.0,0.0,0.0
0,5.0,0.0,2.0,2.0,0.0,2.0,0.0,1.0,0.0,1.0,0.0,1,2.0,0.0,1.0,0.0,0.0,0.0,0.0,0.0,0.0,0.0,0.0,0.0,0.0,0.0,0.0,0.0,0.0,0.0,0.0,0.0,0.0,0.0,0.0
0,5.0,1.0,2.0,2.0,0.0,3.0,1.0,0.0,1.0,2.0,0.0,1,2.0,0.0,1.0,0.0,0.0,0.0,0.0,0.0,0.0,0.0,0.0,0.0,0.0,0.0,0.0,0.0,0.0,0.0,0.0,0.0,0.0,0.0,0.0
0,5.0,0.0,2.0,2.0,0.0,2.0,3.0,0.0,1.0,1.0,0.0,1,2.0,0.0,1.0,0.0,0.0,0.0,0.0,0.0,0.0,0.0,0.0,0.0,0.0,0.0,0.0,0.0,0.0,0.0,0.0,0.0,0.0,0.0,0.0
0,5.0,1.0,2.0,2.0,0.0,3.0,0.0,1.0,0.0,2.0,0.0,1,2.0,0.0,1.0,0.0,0.0,0.0,0.0,0.0,0.0,0.0,0.0,0.0,0.0,0.0,0.0,0.0,0.0,0.0,0.0,0.0,0.0,0.0,0.0
0,5.0,0.0,2.0,2.0,0.0,1.0,1.0,0.0,1.0,0.0,0.0,1,2.0,0.0,1.0,0.0,0.0,0.0,0.0,0.0,0.0,0.0,0.0,0.0,0.0,0.0,0.0,0.0,0.0,0.0,0.0,0.0,0.0,0.0,0.0
0,4.0,0.0,2.0,1.0,0.0,2.0,2.0,1.0,0.0,1.0,0.0,1,2.0,0.0,1.0,0.0,0.0,0.0,0.0,0.0,0.0,0.0,0.0,0.0,0.0,0.0,0.0,0.0,0.0,0.0,0.0,0.0,0.0,0.0,0.0
0,5.0,1.0,2.0,2.0,0.0,3.0,3.0,0.0,1.0,2.0,0.0,1,2.0,0.0,1.0,0.0,0.0,0.0,0.0,0.0,0.0,0.0,0.0,0.0,0.0,0.0,0.0,0.0,0.0,0.0,0.0,0.0,0.0,0.0,0.0
0,6.0,0.0,2.0,2.0,0.0,1.0,0.0,0.0,0.0,0.0,0.0,1,2.0,0.0,1.0,0.0,0.0,0.0,0.0,0.0,0.0,0.0,0.0,0.0,0.0,0.0,0.0,0.0,0.0,0.0,0.0,0.0,0.0,0.0,0.0
0,3.0,0.0,2.0,1.0,0.0,2.0,1.0,1.0,1.0,1.0,0.0,1,2.0,0.0,1.0,0.0,0.0,0.0,0.0,0.0,0.0,0.0,0.0,0.0,0.0,0.0,0.0,0.0,0.0,0.0,0.0,0.0,0.0,0.0,0.0
0,4.0,1.0,2.0,1.0,0.0,3.0,2.0,1.0,0.0,2.0,0.0,1,2.0,0.0,1.0,0.0,0.0,0.0,0.0,0.0,0.0,0.0,0.0,0.0,0.0,0.0,0.0,0.0,0.0,0.0,0.0,0.0,0.0,0.0,0.0
0,5.0,0.0,2.0,2.0,0.0,1.0,3.0,1.0,1.0,0.0,0.0,1,2.0,0.0,1.0,0.0,0.0,0.0,0.0,0.0,0.0,0.0,0.0,0.0,0.0,0.0,0.0,0.0,0.0,0.0,0.0,0.0,0.0,0.0,0.0
0,6.0,0.0,2.0,2.0,0.0,2.0,0.0,0.0,0.0,1.0,0.0,1,2.0,0.0,1.0,0.0,0.0,0.0,0.0,0.0,0.0,0.0,0.0,0.0,0.0,0.0,0.0,0.0,0.0,0.0,0.0,0.0,0.0,0.0,0.0
0,4.0,1.0,2.0,1.0,0.0,3.0,1.0,1.0,1.0,2.0,0.0,1,2.0,0.0,1.0,0.0,0.0,0.0,0.0,0.0,0.0,0.0,0.0,0.0,0.0,0.0,0.0,0.0,0.0,0.0,0.0,0.0,0.0,0.0,0.0
0,4.0,0.0,2.0,1.0,0.0,1.0,2.0,1.0,0.0,0.0,0.0,1,2.0,0.0,1.0,0.0,0.0,0.0,0.0,0.0,0.0,0.0,0.0,0.0,0.0,0.0,0.0,0.0,0.0,0.0,0.0,0.0,0.0,0.0,0.0
0,5.0,0.0,2.0,2.0,0.0,2.0,3.0,0.0,1.0,1.0,0.0,1,2.0,0.0,1.0,0.0,0.0,0.0,0.0,0.0,0.0,0.0,0.0,0.0,0.0,0.0,0.0,0.0,0.0,0.0,0.0,0.0,0.0,0.0,0.0
0,5.0,1.0,2.0,2.0,0.0,3.0,0.0,0.0,0.0,2.0,0.0,1,2.0,0.0,1.0,0.0,0.0,0.0,0.0,0.0,0.0,0.0,0.0,0.0,0.0,0.0,0.0,0.0,0.0,0.0,0.0,0.0,0.0,0.0,0.0
0,5.0,0.0,2.0,2.0,0.0,1.0,1.0,1.0,1.0,0.0,0.0,1,2.0,0.0,1.0,0.0,0.0,0.0,0.0,0.0,0.0,0.0,0.0,0.0,0.0,0.0,0.0,0.0,0.0,0.0,0.0,0.0,0.0,0.0,0.0
0,6.0,0.0,2.0,2.0,0.0,2.0,2.0,0.0,0.0,1.0,0.0,1,2.0,0.0,1.0,0.0,0.0,0.0,0.0,0.0,0.0,0.0,0.0,0.0,0.0,0.0,0.0,0.0,0.0,0.0,0.0,0.0,0.0,0.0,0.0
0,6.0,1.0,2.0,2.0,0.0,3.0,3.0,0.0,1.0,2.0,0.0,1,2.0,0.0,1.0,0.0,0.0,0.0,0.0,0.0,0.0,0.0,0.0,0.0,0.0,0.0,0.0,0.0,0.0,0.0,0.0,0.0,0.0,0.0,0.0
0,5.0,0.0,2.0,2.0,0.0,1.0,0.0,0.0,0.0,0.0,0.0,1,2.0,0.0,1.0,0.0,0.0,0.0,0.0,0.0,0.0,0.0,0.0,0.0,0.0,0.0,0.0,0.0,0.0,0.0,0.0,0.0,0.0,0.0,0.0
0,6.0,0.0,2.0,2.0,0.0,2.0,1.0,1.0,1.0,1.0,0.0,1,2.0,0.0,1.0,0.0,0.0,0.0,0.0,0.0,0.0,0.0,0.0,0.0,0.0,0.0,0.0,0.0,0.0,0.0,0.0,0.0,0.0,0.0,0.0
0,5.0,1.0,2.0,2.0,0.0,3.0,2.0,0.0,0.0,2.0,0.0,1,2.0,0.0,1.0,0.0,0.0,0.0,0.0,0.0,0.0,0.0,0.0,0.0,0.0,0.0,0.0,0.0,0.0,0.0,0.0,0.0,0.0,0.0,0.0
0,6.0,0.0,2.0,2.0,0.0,3.0,3.0,1.0,1.0,0.0,0.0,1,2.0,0.0,1.0,0.0,0.0,0.0,0.0,0.0,0.0,0.0,0.0,0.0,0.0,0.0,0.0,0.0,0.0,0.0,0.0,0.0,0.0,0.0,0.0
0,5.0,0.0,2.0,2.0,0.0,3.0,1.0,0.0,0.0,1.0,0.0,1,2.0,0.0,1.0,0.0,0.0,0.0,0.0,0.0,0.0,0.0,0.0,0.0,0.0,0.0,0.0,0.0,0.0,0.0,0.0,0.0,0.0,0.0,0.0
0,6.0,1.0,2.0,2.0,0.0,3.0,2.0,1.0,1.0,2.0,0.0,1,2.0,0.0,1.0,0.0,0.0,0.0,0.0,0.0,0.0,0.0,0.0,0.0,0.0,0.0,0.0,0.0,0.0,0.0,0.0,0.0,0.0,0.0,0.0
0,5.0,0.0,2.0,2.0,0.0,2.0,1.0,1.0,0.0,0.0,0.0,1,2.0,0.0,1.0,0.0,0.0,0.0,0.0,0.0,0.0,0.0,0.0,0.0,0.0,0.0,0.0,0.0,0.0,0.0,0.0,0.0,0.0,0.0,0.0
0,6.0,0.0,2.0,2.0,0.0,2.0,2.0,0.0,1.0,1.0,0.0,1,2.0,0.0,1.0,0.0,0.0,0.0,0.0,0.0,0.0,0.0,0.0,0.0,0.0,0.0,0.0,0.0,0.0,0.0,0.0,0.0,0.0,0.0,0.0
9,4.0,1.0,2.0,1.0,0.0,3.0,0.0,1.0,0.0,2.0,0.0,1,2.0,0.0,1.0,0.0,0.0,0.0,1.0,0.0,3.0,2.0,0.0,1.0,0.0,0.0,0.0,1.0,1.0,0.0,0.0,0.0,0.0,0.0,0.0
9,4.0,0.0,2.0,1.0,0.0,2.0,2.0,1.0,0.0,1.0,0.0,1,2.0,0.0,1.0,0.0,0.0,0.0,1.0,0.0,3.0,2.0,0.0,1.0,0.0,0.0,0.0,1.0,1.0,0.0,0.0,0.0,0.0,0.0,0.0
9,3.0,0.0,2.0,1.0,0.0,1.0,0.0,0.0,0.0,0.0,0.0,1,2.0,0.0,1.0,0.0,0.0,0.0,0.0,0.0,0.0,0.0,0.0,0.0,0.0,0.0,0.0,0.0,0.0,0.0,0.0,0.0,0.0,0.0,0.0
9,4.0,0.0,2.0,1.0,0.0,1.0,3.0,1.0,1.0,0.0,0.0,1,2.0,0.0,1.0,0.0,0.0,0.0,0.0,0.0,0.0,0.0,0.0,0.0,0.0,0.0,0.0,0.0,0.0,0.0,0.0,0.0,0.0,0.0,0.0
9,4.0,1.0,2.0,1.0,0.0,3.0,1.0,1.0,1.0,2.0,0.0,1,2.0,0.0,1.0,0.0,0.0,0.0,0.0,0.0,0.0,0.0,0.0,0.0,0.0,0.0,0.0,0.0,0.0,0.0,0.0,0.0,0.0,0.0,0.0
9,4.0,1.0,2.0,1.0,0.0,2.0,1.0,0.0,1.0,2.0,0.0,1,2.0,0.0,1.0,0.0,0.0,0.0,1.0,0.0,3.0,2.0,0.0,1.0,0.0,0.0,0.0,1.0,1.0,0.0,0.0,0.0,0.0,0.0,0.0
9,4.0,1.0,2.0,1.0,0.0,3.0,0.0,1.0,0.0,2.0,0.0,1,2.0,0.0,1.0,0.0,0.0,0.0,0.0,0.0,0.0,0.0,0.0,0.0,0.0,0.0,0.0,0.0,0.0,0.0,0.0,0.0,0.0,0.0,0.0
9,4.0,0.0,1.0,1.0,1.0,3.0,1.0,0.0,0.0,1.0,0.0,1,2.0,0.0,1.0,0.0,0.0,0.0,0.0,0.0,0.0,0.0,0.0,0.0,0.0,0.0,0.0,0.0,0.0,0.0,0.0,0.0,0.0,0.0,0.0
9,6.0,0.0,1.0,1.0,0.0,2.0,3.0,0.0,1.0,0.0,0.0,1,2.0,0.0,1.0,0.0,0.0,0.0,0.0,0.0,0.0,0.0,0.0,0.0,0.0,0.0,0.0,0.0,0.0,0.0,0.0,0.0,0.0,0.0,0.0
9,5.0,0.0,1.0,1.0,1.0,0.0,1.0,0.0,0.0,0.0,0.0,1,2.0,0.0,1.0,0.0,0.0,0.0,1.0,0.0,3.0,0.0,0.0,1.0,0.0,0.0,0.0,1.0,1.0,0.0,0.0,0.0,0.0,0.0,0.0
9,3.0,0.0,2.0,1.0,1.0,0.0,0.0,1.0,0.0,1.0,0.0,1,2.0,0.0,1.0,0.0,0.0,0.0,0.0,0.0,0.0,0.0,0.0,0.0,0.0,0.0,0.0,0.0,0.0,0.0,0.0,0.0,0.0,0.0,0.0
9,5.0,0.0,2.0,1.0,1.0,2.0,2.0,0.0,2.0,0.0,0.0,1,2.0,0.0,1.0,0.0,0.0,0.0,1.0,1.0,3.0,1.0,0.0,0.0,0.0,0.0,0.0,0.0,0.0,0.0,0.0,0.0,0.0,0.0,0.0
9,3.0,1.0,2.0,1.0,1.0,0.0,0.0,1.0,1.0,2.0,1.0,1,2.0,0.0,1.0,0.0,0.0,0.0,0.0,1.0,2.0,1.0,0.0,1.0,0.0,0.0,0.0,1.0,1.0,0.0,0.0,0.0,0.0,0.0,0.0
9,5.0,0.0,2.0,1.0,1.0,2.0,2.0,0.0,0.0,0.0,0.0,1,2.0,0.0,1.0,0.0,0.0,0.0,1.0,0.0,3.0,1.0,0.0,1.0,0.0,0.0,0.0,1.0,1.0,0.0,0.0,0.0,0.0,0.0,0.0
9,4.0,0.0,2.0,2.0,1.0,1.0,0.0,1.0,2.0,0.0,0.0,1,2.0,0.0,1.0,0.0,0.0,0.0,0.0,0.0,0.0,0.0,0.0,0.0,0.0,0.0,0.0,0.0,0.0,0.0,0.0,0.0,0.0,0.0,0.0
9,4.0,0.0,2.0,2.0,1.0,3.0,2.0,0.0,1.0,0.0,0.0,1,2.0,0.0,1.0,0.0,0.0,0.0,0.0,0.0,0.0,0.0,0.0,0.0,0.0,0.0,0.0,0.0,0.0,0.0,0.0,0.0,0.0,0.0,0.0
9,3.0,1.0,2.0,2.0,1.0,2.0,0.0,1.0,0.0,2.0,1.0,1,2.0,0.0,1.0,0.0,0.0,0.0,0.0,0.0,0.0,0.0,0.0,0.0,0.0,0.0,0.0,0.0,0.0,0.0,0.0,0.0,0.0,0.0,0.0
9,4.0,1.0,2.0,2.0,1.0,3.0,0.0,1.0,2.0,2.0,1.0,1,2.0,0.0,1.0,0.0,0.0,0.0,0.0,1.0,3.0,1.0,0.0,1.0,0.0,0.0,0.0,0.0,0.0,0.0,0.0,0.0,0.0,0.0,0.0
9,3.0,0.0,2.0,2.0,0.0,2.0,2.0,1.0,0.0,1.0,0.0,1,2.0,0.0,1.0,0.0,0.0,0.0,0.0,0.0,0.0,0.0,0.0,0.0,0.0,0.0,0.0,0.0,0.0,0.0,0.0,0.0,0.0,0.0,0.0
9,3.0,0.0,2.0,1.0,0.0,1.0,0.0,1.0,0.0,0.0,0.0,1,2.0,0.0,1.0,0.0,0.0,0.0,1.0,0.0,3.0,2.0,0.0,1.0,0.0,0.0,0.0,1.0,1.0,0.0,0.0,0.0,0.0,0.0,0.0
9,4.0,0.0,2.0,2.0,0.0,2.0,1.0,1.0,1.0,1.0,0.0,1,2.0,0.0,1.0,0.0,0.0,0.0,1.0,0.0,3.0,2.0,0.0,1.0,0.0,0.0,0.0,1.0,1.0,0.0,0.0,0.0,0.0,0.0,0.0
9,5.0,1.0,2.0,1.0,0.0,3.0,2.0,0.0,0.0,2.0,0.0,1,2.0,0.0,1.0,0.0,0.0,0.0,1.0,0.0,3.0,2.0,0.0,1.0,0.0,0.0,0.0,1.0,1.0,0.0,0.0,0.0,0.0,0.0,0.0
9,6.0,0.0,2.0,2.0,0.0,1.0,3.0,0.0,1.0,0.0,0.0,1,2.0,0.0,1.0,0.0,0.0,0.0,1.0,0.0,3.0,2.0,0.0,1.0,0.0,0.0,0.0,1.0,1.0,0.0,0.0,0.0,0.0,0.0,0.0
9,4.0,0.0,2.0,1.0,0.0,2.0,0.0,1.0,0.0,1.0,0.0,1,2.0,0.0,1.0,0.0,0.0,0.0,1.0,0.0,3.0,2.0,0.0,1.0,0.0,0.0,0.0,1.0,1.0,0.0,0.0,0.0,0.0,0.0,0.0
9,5.0,1.0,2.0,2.0,0.0,3.0,1.0,0.0,1.0,2.0,0.0,1,2.0,0.0,1.0,0.0,0.0,0.0,1.0,0.0,3.0,2.0,0.0,1.0,0.0,0.0,0.0,1.0,1.0,0.0,0.0,0.0,0.0,0.0,0.0
9,6.0,0.0,2.0,1.0,0.0,1.0,2.0,0.0,0.0,0.0,0.0,1,2.0,0.0,1.0,0.0,0.0,0.0,1.0,0.0,3.0,2.0,0.0,1.0,0.0,0.0,0.0,1.0,1.0,0.0,0.0,0.0,0.0,0.0,0.0
9,4.0,0.0,2.0,2.0,0.0,2.0,3.0,1.0,1.0,1.0,0.0,1,2.0,0.0,1.0,0.0,0.0,0.0,1.0,0.0,3.0,2.0,0.0,1.0,0.0,0.0,0.0,1.0,1.0,0.0,0.0,0.0,0.0,0.0,0.0
9,5.0,1.0,2.0,1.0,0.0,3.0,0.0,0.0,0.0,2.0,0.0,1,2.0,0.0,1.0,0.0,0.0,0.0,1.0,0.0,3.0,2.0,0.0,1.0,0.0,0.0,0.0,1.0,1.0,0.0,0.0,0.0,0.0,0.0,0.0
9,6.0,0.0,2.0,2.0,0.0,1.0,1.0,0.0,1.0,0.0,0.0,1,2.0,0.0,1.0,0.0,0.0,0.0,1.0,0.0,3.0,2.0,0.0,1.0,0.0,0.0,0.0,1.0,1.0,0.0,0.0,0.0,0.0,0.0,0.0
9,4.0,0.0,2.0,1.0,0.0,2.0,2.0,1.0,0.0,1.0,0.0,1,2.0,0.0,1.0,0.0,0.0,0.0,1.0,0.0,3.0,2.0,0.0,1.0,0.0,0.0,0.0,1.0,1.0,0.0,0.0,0.0,0.0,0.0,0.0
9,5.0,1.0,2.0,2.0,0.0,3.0,3.0,0.0,1.0,2.0,0.0,1,2.0,0.0,1.0,0.0,0.0,0.0,1.0,0.0,3.0,2.0,0.0,1.0,0.0,0.0,0.0,1.0,1.0,0.0,0.0,0.0,0.0,0.0,0.0
9,6.0,0.0,2.0,1.0,0.0,1.0,0.0,0.0,0.0,0.0,0.0,1,2.0,0.0,1.0,0.0,0.0,0.0,1.0,0.0,3.0,2.0,0.0,1.0,0.0,0.0,0.0,1.0,1.0,0.0,0.0,0.0,0.0,0.0,0.0
9,3.0,0.0,2.0,2.0,0.0,2.0,1.0,1.0,1.0,1.0,0.0,1,2.0,0.0,1.0,0.0,0.0,0.0,1.0,0.0,3.0,2.0,0.0,1.0,0.0,0.0,0.0,1.0,1.0,0.0,0.0,0.0,0.0,0.0,0.0
9,4.0,1.0,2.0,1.0,0.0,3.0,2.0,1.0,0.0,2.0,0.0,1,2.0,0.0,1.0,0.0,0.0,0.0,1.0,0.0,3.0,2.0,0.0,1.0,0.0,0.0,0.0,1.0,1.0,0.0,0.0,0.0,0.0,0.0,0.0
9,5.0,0.0,2.0,2.0,0.0,1.0,3.0,0.0,1.0,0.0,0.0,1,2.0,0.0,1.0,0.0,0.0,0.0,1.0,0.0,3.0,2.0,0.0,1.0,0.0,0.0,0.0,1.0,1.0,0.0,0.0,0.0,0.0,0.0,0.0
9,6.0,0.0,2.0,2.0,0.0,2.0,0.0,0.0,0.0,1.0,0.0,1,2.0,0.0,1.0,0.0,0.0,0.0,1.0,0.0,3.0,2.0,0.0,1.0,0.0,0.0,0.0,1.0,1.0,0.0,0.0,0.0,0.0,0.0,0.0
9,3.0,1.0,2.0,1.0,0.0,3.0,1.0,1.0,1.0,2.0,0.0,1,2.0,0.0,1.0,0.0,0.0,0.0,1.0,0.0,3.0,2.0,0.0,1.0,0.0,0.0,0.0,1.0,1.0,0.0,0.0,0.0,0.0,0.0,0.0
9,4.0,0.0,2.0,1.0,0.0,1.0,2.0,1.0,0.0,0.0,0.0,1,2.0,0.0,1.0,0.0,0.0,0.0,1.0,0.0,3.0,2.0,0.0,1.0,0.0,0.0,0.0,1.0,1.0,0.0,0.0,0.0,0.0,0.0,0.0
9,5.0,0.0,2.0,1.0,0.0,2.0,3.0,0.0,1.0,1.0,0.0,1,2.0,0.0,1.0,0.0,0.0,0.0,1.0,0.0,3.0,2.0,0.0,1.0,0.0,0.0,0.0,1.0,1.0,0.0,0.0,0.0,0.0,0.0,0.0
9,6.0,1.0,2.0,2.0,0.0,3.0,0.0,0.0,0.0,2.0,0.0,1,2.0,0.0,1.0,0.0,0.0,0.0,1.0,0.0,3.0,2.0,0.0,1.0,0.0,0.0,0.0,1.0,1.0,0.0,0.0,0.0,0.0,0.0,0.0
9,3.0,0.0,2.0,1.0,0.0,1.0,1.0,1.0,1.0,0.0,0.0,1,2.0,0.0,1.0,0.0,0.0,0.0,1.0,0.0,3.0,2.0,0.0,1.0,0.0,0.0,0.0,1.0,1.0,0.0,0.0,0.0,0.0,0.0,0.0
9,4.0,0.0,2.0,1.0,0.0,2.0,2.0,1.0,0.0,1.0,0.0,1,2.0,0.0,1.0,0.0,0.0,0.0,1.0,0.0,3.0,2.0,0.0,1.0,0.0,0.0,0.0,1.0,1.0,0.0,0.0,0.0,0.0,0.0,0.0
9,5.0,1.0,2.0,2.0,0.0,3.0,3.0,0.0,1.0,2.0,0.0,1,2.0,0.0,1.0,0.0,0.0,0.0,1.0,0.0,3.0,2.0,0.0,1.0,0.0,0.0,0.0,1.0,1.0,0.0,0.0,0.0,0.0,0.0,0.0
9,4.0,0.0,2.0,1.0,0.0,1.0,0.0,1.0,0.0,0.0,0.0,1,2.0,0.0,1.0,0.0,0.0,0.0,1.0,0.0,3.0,2.0,0.0,1.0,0.0,0.0,0.0,1.0,1.0,0.0,0.0,0.0,0.0,0.0,0.0
9,5.0,0.0,2.0,2.0,0.0,2.0,1.0,0.0,1.0,1.0,0.0,1,2.0,0.0,1.0,0.0,0.0,0.0,1.0,0.0,3.0,2.0,0.0,1.0,0.0,0.0,0.0,1.0,1.0,0.0,0.0,0.0,0.0,0.0,0.0
9,6.0,1.0,2.0,1.0,0.0,3.0,2.0,0.0,0.0,2.0,0.0,1,2.0,0.0,1.0,0.0,0.0,0.0,1.0,0.0,3.0,2.0,0.0,1.0,0.0,0.0,0.0,1.0,1.0,0.0,0.0,0.0,0.0,0.0,0.0
9,4.0,0.0,2.0,2.0,0.0,1.0,3.0,1.0,1.0,0.0,0.0,1,2.0,0.0,1.0,0.0,0.0,0.0,1.0,0.0,3.0,2.0,0.0,1.0,0.0,0.0,0.0,1.0,1.0,0.0,0.0,0.0,0.0,0.0,0.0
9,5.0,0.0,2.0,1.0,0.0,2.0,0.0,0.0,0.0,1.0,0.0,1,2.0,0.0,1.0,0.0,0.0,0.0,1.0,0.0,3.0,2.0,0.0,1.0,0.0,0.0,0.0,1.0,1.0,0.0,0.0,0.0,0.0,0.0,0.0
9,6.0,1.0,2.0,2.0,0.0,3.0,1.0,0.0,1.0,2.0,0.0,1,2.0,0.0,1.0,0.0,0.0,0.0,1.0,0.0,3.0,2.0,0.0,1.0,0.0,0.0,0.0,1.0,1.0,0.0,0.0,0.0,0.0,0.0,0.0
9,4.0,0.0,2.0,1.0,0.0,1.0,2.0,1.0,0.0,0.0,0.0,1,2.0,0.0,1.0,0.0,0.0,0.0,1.0,0.0,3.0,2.0,0.0,1.0,0.0,0.0,0.0,1.0,1.0,0.0,0.0,0.0,0.0,0.0,0.0
9,5.0,0.0,2.0,2.0,0.0,2.0,3.0,0.0,1.0,1.0,0.0,1,2.0,0.0,1.0,0.0,0.0,0.0,1.0,0.0,3.0,2.0,0.0,1.0,0.0,0.0,0.0,1.0,1.0,0.0,0.0,0.0,0.0,0.0,0.0
